year,1,2,3,4,5,6,7,9,10,11,12,13,14,15,16,17,18,19,20,21,22,23,24,25,26,27,28,29,30,31,32,33,34,35,36,37,38,39,40,41,42,43,44,45,46,47,48,49,50,51,52,53,54,55,56,57,58,59,61,63,64,65,66,67,68,69,70,71,72,73,74,75,76,77,78,79,80
1960-01-01,0.1034453364511328,0.0040400573286618014,0.002689949569007383,0.00482231662394509,0.005746376857783767,0.0059254556901337805,0.03824490960689582,0.19925106233703144,0.021849281087123997,0.012582144455464362,0.025628219040423908,0.07453208390294593,0.05656515321829648,0.05367688468959208,0.007128141297556401,0.005965098305462432,0.004602590463734057,0.02346199293784973,0.008503119810061239,0.008155646921964216,0.06345022231876561,0.03465672350438404,0.004399845592389769,0.004378365450216497,0.013011530826908743,0.0036759325656430756,0.004274757705631591,0.01277099511719827,0.1366464009090018,0.007310747212075077,0.033118607441512314,0.03448355529939073,0.009358610178283369,0.03363109083354945,0.020498307439385476,0.015311571932827877,0.056871503481268924,0.007064296169094409,0.03760101593331252,0.017737249164428,0.025364598472036474,0.0066593993715069,0.03689253594989089,0.010961754906862478,0.00776024430486407,0.0032054612163821216,0.030670280648234034,0.00470342877822389,0.03193652432339512,0.018633676274191435,0.002520628448300765,0.10745376298220063,0.10015401819588986,0.019957452094853514,0.04178650010688189,0.01996640509528831,0.012585793891384039,0.029968384237799673,0.09218025247776522,0.01391596740145012,0.018444533845820493,0.031075690390393103,0.0027245850923714467,0.013875536545610126,0.012508346319948701,0.0046865816078919134,0.008949998061987173,0.019486486624675,0.0009027824459459306,0.011376541181671397,0.005591281713589319,0.01098530094506249,0.010565716991439758,0.019579531946407918,0.004045478541014437,0.01916591979701739,0.008942200363316758
1961-01-01,0.10357217104114,0.0038394658455720545,0.0026278883839405812,0.0044780861251736154,0.005590179067321925,0.005401231358577616,0.03796500357144406,0.19770525250837026,0.020455909770503634,0.01195698171228471,0.024485381308481862,0.07028798006508133,0.05340682454131958,0.050831088394925436,0.007413990786842155,0.005886929862367132,0.004709527997435265,0.022116857846282,0.01024451028624388,0.008060968229231948,0.05259446790605199,0.034906372804999475,0.004542859245072624,0.0034415640932586892,0.012612368535540467,0.003052055829352847,0.004123963555160025,0.012746557643554167,0.13622558580101285,0.007180780310991254,0.03225314049054951,0.033716599796347675,0.008720541580111039,0.03286978377047977,0.020222388256537552,0.015014904129153121,0.05586505639071079,0.007046134862385203,0.03647726740020321,0.017041885037370252,0.023532617073248118,0.006469427060163452,0.036803162693676165,0.010604490362368213,0.007982700141766176,0.0034327528602293147,0.03160659668524001,0.0044685165948415324,0.03210526570546777,0.019197672050892338,0.0024793415749019463,0.1067022134344091,0.10092529571006605,0.02011176766439036,0.04155759596760924,0.01928322569537724,0.015457658939886565,0.030864582341379048,0.09711826410181881,0.013396522868130681,0.019208658280376784,0.03169618247346626,0.0028547464171178954,0.01449997712394125,0.012523232276852944,0.005435311600526582,0.009272057565354192,0.019511475453843657,0.001003458907306119,0.012156402551140975,0.005331847155379802,0.012001753038061383,0.010859834492123615,0.019900150498857003,0.004237442519475208,0.019812428668970643,0.00848339431526943
1962-01-01,0.10088624806119753,0.0033341737854326856,0.002363398948281136,0.004144658776241562,0.005527061691263583,0.005182881994465877,0.037361262667124716,0.19490463054766027,0.02037220197794771,0.012175817570215642,0.024000327896994533,0.06930119353764046,0.05504704903557216,0.05359387808942742,0.0074584285469163425,0.005922392142299212,0.00521531734206379,0.02270543198068816,0.011038326794717205,0.008904629720412848,0.0632042500594776,0.03435829913002868,0.0043977005404539525,0.004174949250396794,0.011451208536190355,0.00298865727387498,0.004212164723500165,0.01267970931941669,0.13288459368577146,0.006881760346331137,0.03300318685125547,0.03381171672382684,0.008313427123944192,0.032754034002708536,0.019523510096390487,0.014789657143941703,0.05667232368864197,0.007095492933940444,0.03495858652345485,0.01765106969422561,0.022697468658313992,0.0073685442779337085,0.038652207837417886,0.010609207124676006,0.008444496800772016,0.0034203674222788587,0.031974221128546185,0.004724373720514233,0.03266606007826332,0.01936846090503997,0.002549450728826504,0.10683166454575073,0.10092306909932386,0.020106811200832728,0.0405858048497516,0.018269710040529113,0.013918618921874805,0.030564740785371042,0.09556611548720965,0.013470449108483355,0.0191224933854427,0.03272755355722336,0.002967703182230184,0.014011010518062798,0.012382770140381883,0.0055073186216023275,0.009574482651302028,0.01995596647312929,0.00108100768678721,0.012484116476589022,0.004846156052693631,0.011981045578556393,0.010997883351045028,0.019678593401036316,0.004405644674099507,0.020506265096439078,0.00812094711931365
1963-01-01,0.09841196293195673,0.0033925498572817616,0.00243484711514975,0.00405792544861184,0.005536469764801192,0.005218102052575841,0.03566308092869778,0.19478416415600916,0.021292132212761362,0.012318553127820096,0.02433065222164841,0.06982594269851738,0.05464098974250511,0.05420436122394595,0.007602603812568414,0.00566110719089934,0.005203408718391697,0.022469227494101376,0.010738830548853445,0.008412420361365023,0.06598247761938465,0.033733210713686596,0.004288003681219353,0.0048425126747304315,0.010149341183405422,0.003048463246876181,0.004554907297573795,0.012727488261876054,0.12921581683551386,0.006582512562532674,0.03218818325812047,0.03370560836595034,0.007955371284461556,0.03258124967217913,0.019343310165912505,0.014469393852666245,0.058486961367287586,0.00706988902106281,0.034606572948846705,0.01786554269680104,0.021972680598581467,0.007099160376192971,0.03752436404349624,0.010679753756227074,0.00893131172557058,0.003387000660576942,0.0325274287355641,0.004798634976104537,0.033154196645554496,0.019181495347235254,0.002567977260083783,0.10560211961430456,0.09841896467085406,0.019591385355824456,0.03939932492676764,0.01867045337537921,0.01563442777390632,0.03005088880419502,0.09871989783069074,0.013574423535113069,0.018820496128571458,0.03410169720067141,0.0030812182756212525,0.015097092360718687,0.012451907830112583,0.005001707657559067,0.009659361073340799,0.019830093873937894,0.0013146174445190938,0.013093328613501804,0.004969778028834253,0.012387605527063845,0.01145023028346994,0.019881440633531415,0.004576493126534941,0.02073129919850684,0.007751457018672646
1964-01-01,0.09103143123110959,0.0034451080666171086,0.0024561495579385187,0.004224886248550227,0.005528302206011229,0.005234135009571275,0.03398158352588766,0.18823009088108808,0.02159160271227564,0.012226543075999352,0.023956523405743693,0.07349999734545602,0.055111257893477796,0.0577443563184218,0.008147167676683427,0.005742090527088607,0.005314457345126098,0.022567572142453002,0.00954183888385851,0.007863846700030845,0.06376850321512956,0.03137392047579168,0.004402242202171535,0.005389513939918813,0.009684187273179136,0.0028784227661260006,0.004789487114795491,0.012559391039583704,0.125027801801385,0.006241512302955683,0.03232880998097829,0.03331748390595785,0.007874732497683643,0.03184610891092417,0.019510836015294398,0.014210091458208776,0.059012180466902,0.00692173707605677,0.03285199920736467,0.017836038330604806,0.021092808528274627,0.006988559590180325,0.03744021591451939,0.01067809489969641,0.00945279057130707,0.0030520659390381646,0.03281214806619977,0.004547779436649455,0.033252393394611814,0.01894578094592685,0.0026120505391776473,0.10642112589110059,0.09944062322352513,0.02039510164661617,0.03889074468243438,0.01912502909844764,0.015295949774075501,0.030368697349082676,0.09913138439899835,0.013980270332312776,0.01883187961854725,0.032125926304156296,0.002996370459080491,0.015298345177263991,0.012639911264465665,0.00554210168842359,0.00970176173008917,0.021332292307315696,0.0016686819621509297,0.013490309550943113,0.00507235011900527,0.012553667326378797,0.011771246850763334,0.020712655592203214,0.00445426636394575,0.021247179165383896,0.007381422675034716
1965-01-01,0.09000256918727972,0.0033176350005866516,0.002368963009734128,0.0041763424823573056,0.005545364300421202,0.0050635785556800905,0.031927010124378534,0.18441647987985849,0.020838902169189107,0.012159830540374443,0.02360323383161208,0.07653540786882873,0.057169884751553726,0.05971426788050692,0.008124404166489897,0.005979317187651167,0.006216747683811327,0.023534781178734653,0.00972523510901196,0.00955775676099027,0.07325358893734181,0.030685407221911074,0.004549984073503314,0.005543279932587275,0.010356704844238325,0.0029824127689241273,0.005339756425912087,0.012856125677210199,0.1192581694961931,0.005761440873326866,0.0321181315556655,0.03243615818657985,0.007767263965323061,0.03175498296029296,0.019055833957696375,0.014332410001192565,0.05959523503100003,0.007195798337915371,0.031360740664576815,0.018339514311228763,0.020226780088094826,0.007506919307205074,0.03793264657780948,0.010443944576051861,0.010157950565546178,0.0031051405552490374,0.032678286754119226,0.004628212949535207,0.03226928206640027,0.018110685086496534,0.0024599393310118173,0.10548906120376478,0.09893761715294844,0.020913113300395404,0.03735102811790514,0.018872779255545206,0.016237374681614333,0.030992172018625294,0.09999811955657946,0.013979119198739847,0.0180911326401876,0.034113008679361456,0.0031752697271336017,0.013587756142188144,0.01181056268932809,0.004965904836008456,0.009113991204540465,0.02081842815808432,0.0016816318694531096,0.01360468100073641,0.004612919486294097,0.012615291812755006,0.01207313402848765,0.020515139621795884,0.004715957719683193,0.02147736260685932,0.006892280712073159
1966-01-01,0.09019708594533883,0.003185037143752562,0.002274790887612329,0.004074343932886428,0.0054820437115058835,0.004958504392554916,0.03112290283126002,0.17787295381836768,0.020322173880013145,0.012095097812978758,0.02294442496039217,0.07728162875782434,0.05955071631274869,0.06430217267214122,0.010608606230693948,0.0061168560536648394,0.007531605314586682,0.0249211706278105,0.010025289088517127,0.011700861218295203,0.06761382132571356,0.035918254541418004,0.004702668326522233,0.005770203065705793,0.010568383183223392,0.0030575434516034827,0.006239540017562799,0.012644019415911006,0.11812480414315961,0.005639766107014984,0.03163872265601292,0.03146503483418966,0.0076549752430445026,0.03213201572367326,0.01884747450709227,0.014416036567539143,0.05992222674203739,0.007274804112370937,0.030989536963425247,0.01869805547329033,0.01941869952981852,0.007006950904409337,0.0376038194200402,0.010706466253857025,0.01066499730331379,0.0031520534152881677,0.03339539174943077,0.004710365486990442,0.030169874720314308,0.017690489989302817,0.0025085293232189744,0.10651505337581173,0.09452105557209158,0.020570939725280003,0.039574538170930255,0.01937579643476525,0.01844716951895357,0.03053994621929373,0.09877780067197792,0.013473396831509282,0.018604470764128248,0.03527484211799809,0.0032998628252740654,0.013499138050434675,0.011458034549903606,0.0056431640244859246,0.009325482401944533,0.02052920117471208,0.0017753145673147252,0.01396838566737226,0.005117994343255473,0.012892089725019495,0.012392088562070276,0.0208403371511345,0.004903652752028716,0.022501277497324095,0.006417342031478812
1967-01-01,0.08463148568733661,0.003223596792890565,0.002287376032350402,0.0032922459277074825,0.005230498216104192,0.0048641853185672655,0.0312482417732518,0.1741792842585103,0.020194650217383908,0.01187276560966603,0.02144367724203493,0.06899535055875446,0.06127625649075799,0.06357703113150691,0.009417886536088108,0.005891942295652652,0.0066133099898723876,0.024189394372167577,0.01060531114630354,0.012230707215321381,0.057149601666305505,0.0387513095830276,0.004856935749521901,0.005331221660575145,0.01094756982539594,0.00343699964264272,0.006429032575165714,0.012545988535892704,0.11807561571786558,0.005292244441159811,0.03013447242122623,0.03163391612163237,0.007287772715023297,0.031264730039286905,0.019348563898292703,0.014616993164534393,0.05769450918836403,0.007577766073409864,0.03201063788046725,0.018804131708178264,0.018061651101142554,0.0068178707571868785,0.037196061306866965,0.010669529400227622,0.012071926666647503,0.003289443891310955,0.03361463492922507,0.004528696335188138,0.03235735771637249,0.017656630439878345,0.00233173933793475,0.10933130179488022,0.09780538923516746,0.02192314487679715,0.0403233034705434,0.02023100554212675,0.020161714557805712,0.029796357001786608,0.10023245382103615,0.014149448187070418,0.01839826786254189,0.03599024861663607,0.00338943617231377,0.013486726463697717,0.01149464358953088,0.004876226051953531,0.009460864718332195,0.021790083722168112,0.0021085770453687586,0.01569500816882924,0.005664300680721818,0.013042112468046058,0.012861277425444032,0.021877317730480527,0.005040453238636432,0.023039651171991235,0.006332874739431619
1968-01-01,0.08050479584957401,0.0032879214259814832,0.0022105398674646245,0.0035038327840044288,0.005032558080277945,0.0044884208126243375,0.03057975899765384,0.17769748778059796,0.021747413298187274,0.011995404346716807,0.021592321527766065,0.06815194432803069,0.06266659048684185,0.06069005199945796,0.00956858310760692,0.005993072798379177,0.006649206461987979,0.023944283685127403,0.010846788158070015,0.010909930141778497,0.06493689736527807,0.038753518291697,0.004560155802084451,0.004938348967962279,0.010601684967752998,0.0036691405744751614,0.006487907152425689,0.012513344930223665,0.11366726114354014,0.005275065568971734,0.03115329973418095,0.031352407708423714,0.007066895778914731,0.03072574619045923,0.018776800978411324,0.014438493571107918,0.05785747438274107,0.007439199561304001,0.03092450797771444,0.019760089754652866,0.017763350485683876,0.008714501967025353,0.03759219970358405,0.010503639767239286,0.012774389540768875,0.0031986009784940165,0.034095383162736144,0.004651472080625632,0.03196330440357066,0.01744326767887771,0.00244586012185824,0.10999934974310578,0.10087128467166921,0.023234697068761193,0.03714999137791174,0.02165508228531822,0.02096473217261228,0.031172691811750607,0.1001364908772826,0.013724295800130248,0.01836483706166324,0.03631479214460239,0.0034494323721232048,0.013952198963276492,0.010521910591407979,0.005104793429068238,0.009592608764856056,0.021858724328001126,0.00287133654365468,0.01695218531902417,0.005825567351242558,0.012699195484566791,0.013582717936324144,0.02238392642884597,0.005122999781166376,0.022731109930353415,0.0061355686884073165
1969-01-01,0.08411419468903661,0.00350010224485038,0.0022248840800218727,0.00403089917457529,0.00470830276581193,0.004543344299031698,0.030239455568272622,0.17699732201733318,0.022206875564500305,0.012175204504219593,0.021284694768632068,0.06961975691859511,0.06072120400748191,0.061711695591301435,0.010648731799271258,0.006132915208142317,0.006139931998947159,0.02337531384071343,0.010295880271377,0.01094518443532031,0.061470708770078666,0.0353191513800022,0.00448733128551105,0.005378515340244342,0.010055250936093711,0.003819826312165369,0.006576361674590616,0.012502569994811292,0.11187426458076419,0.004723128753078074,0.02956984181505291,0.030426012896724704,0.006562975955586052,0.031102922202348275,0.01888153877435107,0.01454546146756496,0.05636554369836499,0.007668789664242625,0.029928454415993486,0.01974985018177257,0.01727262877930877,0.008715744668055272,0.039018335866815974,0.009627016335236119,0.013419188464328808,0.0034237564119200784,0.03499446638867511,0.004631924668807668,0.029945882178183773,0.01730757335253347,0.0024007297359192005,0.11026565915858007,0.10430956010967979,0.024879285580481993,0.035099710507369986,0.02388081186476475,0.019012285707666974,0.030474015385962536,0.10252457990078541,0.013873940262292725,0.017608332597174713,0.03929771306436238,0.0037116861701918294,0.014353075956792728,0.010255583733563795,0.00468388273351301,0.009767033382282237,0.02275519317694851,0.0031086512694332167,0.01837365837107854,0.0059652026800088515,0.012848966126787615,0.014099734576369162,0.02249024963552889,0.005515525375597378,0.02333352154043144,0.005729492970722999
1970-01-01,0.0822865165772793,0.0038138608162526038,0.002300134772717524,0.004560768695550174,0.004635901659936343,0.005885656259409675,0.030692772642855207,0.17363874175610636,0.020292324410729264,0.011723693990605685,0.020338507285065744,0.06499072770043521,0.05532510464756391,0.058646573217145406,0.010322599499442427,0.005882724464088678,0.005214283771982336,0.02260052007752936,0.009928147733094628,0.009886159486337413,0.04920734401618156,0.02915787101324165,0.004310887151191102,0.005262159063744114,0.009864718495629879,0.003439972353676244,0.006300478756867827,0.0121331886444405,0.11313559032672763,0.0049661872280587025,0.02773331845619001,0.028123994070164367,0.00578221387940396,0.030107281390070843,0.017863086950916523,0.014463011702408542,0.054488215957934516,0.007903104241176342,0.029277462339095485,0.01869453052510975,0.017353600177253754,0.009077146923840117,0.038964048654342,0.009642410640569801,0.01353728776289273,0.0032436334157394547,0.03641384346792472,0.004657247598753471,0.03190598287656736,0.017938797633285947,0.002573806447361332,0.11106273326505432,0.1029363941042764,0.025271081942684265,0.041044170396210694,0.026805233032695646,0.01700364997777835,0.03296595958742226,0.10466287467066557,0.014932759379240351,0.01794788064380043,0.04114174918557443,0.003956183122755212,0.014001869307758909,0.010125360654647109,0.005539076081503249,0.010157933826493486,0.024615409064895847,0.0038993223412496286,0.020609716251639914,0.005675698977901839,0.014495241699897346,0.014775332463243966,0.02347241872383194,0.005883079982847603,0.02313790026048613,0.005557042123230318
1971-01-01,0.07873831858381829,0.00408296952005446,0.0023054049115818973,0.003643737129952505,0.004437176145542671,0.005625716077003881,0.029473273886682156,0.18510810422396906,0.021568411325160443,0.011992111012661174,0.020714044945677367,0.05895721311760901,0.05222771786788161,0.05373866029290373,0.009217635420053034,0.005543957195172599,0.005410160068963484,0.021087354839576033,0.008859009364674843,0.00887102144136728,0.06240947322170794,0.024494722719817077,0.004140377560222625,0.005616014805860018,0.00889172959450128,0.0034813456412631947,0.00609166494311947,0.012129373776059795,0.11038520950301109,0.004797897118061782,0.027180833702226462,0.02753563773320251,0.005470981202052626,0.028527472484091494,0.017425725243922656,0.0137747472853135,0.05292537553554346,0.00787051917070441,0.029383733884041738,0.019103998318875826,0.017263093879224846,0.009076823633995285,0.042273902977734645,0.00900579977467784,0.013480739257559035,0.0035850737386731776,0.036946148313558684,0.0045867399791106375,0.0330025410431106,0.0182959725574353,0.002609981190910957,0.11112543488178177,0.1046596878724696,0.026339759880414544,0.04045925239608089,0.025403435864693142,0.01835195961781976,0.03343489356083536,0.10582773553920446,0.01374454918037646,0.01684664970993062,0.03698972807297004,0.003508011857541714,0.015766644534183097,0.010061839052642555,0.005125355284068559,0.01026347882538969,0.024921289656670106,0.004536902882677492,0.021988163498838587,0.0059035187669839485,0.015024399627874179,0.014908317916026322,0.02388304346720273,0.005220331333968325,0.021519684511966647,0.005204429839138028
1972-01-01,0.0873951545353428,0.004166456218005203,0.0022238735924307836,0.0035431820909732742,0.004199908859947443,0.005971260980107525,0.027243411336882697,0.1882978466198029,0.025921150072209433,0.012828404435264036,0.021738541882884203,0.060864848087902504,0.05264063480661392,0.05793796433008563,0.009422074436627138,0.0059536434625079805,0.005496120555539717,0.021453296005222833,0.00859710605098897,0.00970482269316426,0.06351713904460532,0.02118222567555383,0.0046633961274434015,0.00562382124022787,0.008851350464464334,0.003720395534262513,0.006365127574802521,0.012684922294125114,0.11024663019874241,0.004621326692622511,0.02864415673312347,0.027443444987063765,0.0061549651420952705,0.028635447053508786,0.01738619556837011,0.01416694461646323,0.05231920748112085,0.0078085152074030065,0.02796924274123546,0.021084430391566582,0.016201749321863357,0.0077690909804091594,0.04384914261899425,0.008581314273789754,0.013448412045412394,0.0033308853274871225,0.037760219946213265,0.004870494329936648,0.03319876185118386,0.01815866746703108,0.002616995029087885,0.11341932528647836,0.10320919358895998,0.026635855709736006,0.03950705512843678,0.02457950747402698,0.018434711365376836,0.034549898505862986,0.10530197509876282,0.013926262698522464,0.016209716939664675,0.03623984056227075,0.003376811626002771,0.015761642677899916,0.00995294174243615,0.005040930137720543,0.010291484997154232,0.024487868516488542,0.004724050133993349,0.022401034854015876,0.006089629644049628,0.015472145683953102,0.014681619700033269,0.023947956106740317,0.0050287537187024165,0.021128073740525687,0.004787268846532451
1973-01-01,0.10316889279019768,0.0044316363808900635,0.002561700223824683,0.0038217779858596176,0.004318268422293961,0.00592730729172195,0.027653463561370814,0.1859356532450442,0.02750071201226012,0.01280381503101386,0.02156066651995258,0.0668229881913739,0.05396175821764251,0.06169783103642654,0.010322269298753644,0.005891678467304182,0.0057318227091310014,0.022205973186369642,0.008513401519719835,0.010796038610119749,0.06651683657614266,0.02280939154955934,0.005161308293490966,0.005328386172910243,0.009036302442904893,0.0036970775609918975,0.0066364376122735255,0.012168720665124127,0.11641147287425743,0.004396812675601006,0.028378472415585526,0.02665277417949864,0.005447223230210182,0.029723601709560468,0.01689833863658578,0.013928033085429134,0.05309283938570997,0.007645238062713544,0.030795385689826777,0.021912062329699392,0.015981336505841694,0.007216934031207275,0.04339978358268852,0.008616354516223031,0.013508186489530062,0.0035348257904002094,0.03835988706956928,0.004814821499575847,0.033376808568738064,0.016906880821574946,0.002582292481265404,0.11446939841173519,0.1016397477158657,0.026156294797331513,0.03894716620262739,0.025436880323515723,0.01423992278653307,0.032852026577748855,0.10899711147299646,0.013789208991818408,0.015946541357409603,0.03602353545240153,0.003655920681778488,0.01477376559188154,0.01015570544275979,0.00466326933845781,0.010361597617932167,0.024631485759314,0.004786421244726718,0.02206476321341869,0.006275187844494893,0.01590450658514166,0.014066289726656238,0.02331142385862334,0.005388496514449986,0.02204198589582545,0.0044407570725300645
1974-01-01,0.09688942085417758,0.004530773304783303,0.002578955332659087,0.003559113094347342,0.004594737192743177,0.010178924800730625,0.0392971797804982,0.17158407143935614,0.02416426713160902,0.012253440449515693,0.021760538118543563,0.08119027651816835,0.057326941380371255,0.06734152271967171,0.011278463407048524,0.005834891733848628,0.004903288777474133,0.022039172932909773,0.008620827261262584,0.010022838685962043,0.055582058407713075,0.02328515264457722,0.005170730225303537,0.005732018049994025,0.00950370802236464,0.004154134180460437,0.006958668406183118,0.011913540910273293,0.12792581410943354,0.004615522003912239,0.027341100060026043,0.024562984154531738,0.005066155022518972,0.034768744913437635,0.016428528505003454,0.01417815966122951,0.06570080065965037,0.008107378649812508,0.04792897945355214,0.02322941429918679,0.01671817172000213,0.007776444516756908,0.03978331035069201,0.009515387656731406,0.014514057743509709,0.004376459849677122,0.03897055008023001,0.004841419774847116,0.03714551577365798,0.018050094458153684,0.0026069487923986215,0.11988041242877141,0.09868225268049913,0.0253143591793473,0.039911055671556804,0.026844172000547704,0.012582297273184096,0.03218886056650788,0.11264103189883487,0.013710660430386368,0.01501821370140377,0.034229183468433774,0.0038939800544820842,0.014348905788579119,0.01012358819124102,0.004686555606776883,0.010584983547240962,0.024759823865589885,0.005250170151892997,0.023229973381648773,0.006056851656005601,0.01598408054536988,0.014083779343878234,0.023971219640064725,0.005000087879728307,0.022483822597443557,0.0038411308597784363
1975-01-01,0.08992624163234526,0.004443108092833469,0.002505256511515946,0.003815627244344499,0.004872715321311226,0.012547367425807598,0.0436245351251519,0.15722295300558686,0.021150122252952992,0.01093415820647731,0.020812377022609956,0.06460241240719175,0.053806222049190736,0.06353401545162435,0.009384726577480402,0.0047599652606429305,0.0041419279491342305,0.0199427945907715,0.00808640725310309,0.008113395508073275,0.05270597158234606,0.023173366335259418,0.005828644487325644,0.005943417490987056,0.009340339444596548,0.004298070137004881,0.006487167317635347,0.011267094634736323,0.1267397182326759,0.0050181884451092635,0.023852667456002296,0.023399496078000456,0.00481512260474905,0.03225428372723596,0.01663562465870972,0.013956460128959543,0.06457607180761393,0.008316226906590488,0.05223723452050726,0.020979008718760416,0.015567473906281796,0.008541689391778368,0.036116604886745604,0.00926548036072762,0.014153335606943531,0.004290055989589127,0.040211459422881866,0.004990641920599892,0.042097986274570155,0.021354608073840545,0.0027137764570932593,0.122131201618525,0.09997734209757338,0.025662862709503406,0.042302568538088774,0.029685494260353242,0.015211054873487569,0.03156878361916611,0.10868769632161893,0.013623417849032284,0.015073629612821838,0.03265040654465905,0.004405848305611412,0.015683953866104456,0.010563424891790702,0.004855105524147502,0.011108918526662518,0.026755059824610745,0.0057892065079970445,0.025951095233960265,0.006439035387954934,0.015566318162881855,0.014344974955738362,0.02512949967581241,0.004291825672664887,0.023097269178915244,0.0036334565232957468
1976-01-01,0.08472982373516683,0.004693391189640398,0.0027295835654775127,0.004084899031770736,0.004750768153208693,0.01204052337215113,0.044016986489118864,0.16107643042819736,0.024190152903609118,0.011552264159755153,0.02137063155473806,0.06704703932051936,0.05528431107834859,0.0631607335207788,0.01036431828519084,0.005307912759761977,0.0043943955696032575,0.021303007153624934,0.008112351321701955,0.009274479235915001,0.06588834407003642,0.021281705556277196,0.005582125701145331,0.005389018607684008,0.009493939019132553,0.0043765052752903506,0.007106572304504171,0.011772401789035982,0.12154272349777524,0.004996629043758422,0.02576609373505853,0.023795900687055872,0.00503165702388751,0.0339907125989675,0.01690068249393696,0.014017867268907452,0.06839226257032006,0.008785457446697837,0.05596338039744105,0.022276368467655787,0.015857568541520786,0.006687832186891884,0.03728700965045667,0.009383393148964412,0.014570999624865608,0.0048101686866423585,0.04158453446700448,0.0056411987039181695,0.04385535153204713,0.023844999669183353,0.0027061928921322405,0.11900159039418991,0.08584043463654767,0.021976071269253446,0.04315139700296359,0.02863255449976514,0.016533513502918228,0.03465004605967561,0.10279910287386816,0.013692244830191434,0.01492179849105158,0.03325411038323126,0.004918513693174377,0.01589941343153413,0.010419838292316881,0.004597997884674556,0.011444162665149228,0.027012348611528146,0.00600252056061797,0.027482864918408588,0.006145264118791749,0.015548076275827317,0.014440380397327831,0.025265208215687677,0.00421339714226807,0.022050635760260225,0.0038527574037706003
1977-01-01,0.07475794009537881,0.004276562459757212,0.003120754129702805,0.0033860416195148845,0.004408317036516635,0.01081620230012665,0.04520525498362331,0.16267825197261845,0.02670418336568797,0.011409214931877869,0.021294157275923795,0.06380482130019094,0.055730700223777664,0.06337095405917598,0.011461513541612624,0.005235548323317894,0.0045645703978463405,0.0217059520803626,0.008800159669097533,0.00984211936548498,0.07013493284007964,0.019912062274348254,0.005418647355701156,0.00530116936372463,0.01002453342732509,0.004731681035069534,0.006718479982163368,0.011902821213554477,0.11262007000798108,0.00457428010168777,0.02489915970844392,0.02365618579687018,0.004764919969852723,0.03183506424773607,0.016861585383195772,0.013661183716469266,0.06767357003880105,0.00833683253492009,0.057358054102565906,0.024446312869968945,0.015037970812316104,0.006001642909239514,0.039673846816178936,0.008208060536730748,0.014365360537978232,0.005225831843688717,0.040414999111423204,0.0056546911615779506,0.04415862676947818,0.025360498456907972,0.0026034399826801997,0.11463177613485212,0.09631393475319006,0.02480464301319981,0.04162356803674056,0.02766601074823746,0.01447609415722369,0.03742566200105388,0.10594871994146292,0.014074378029068175,0.014495249309184418,0.03230831791096285,0.004430995598105795,0.016117717229026374,0.010178612992749424,0.004660285175560255,0.011299686170889967,0.02671335285445175,0.005980920702367121,0.027206765718187222,0.005509940007939105,0.014903259528176178,0.013355153414934566,0.023709958448430254,0.0037763128261850366,0.023018927271131147,0.0036543979251956434
1978-01-01,0.08062156711060073,0.004027129628108709,0.003131366587051078,0.003647720321176312,0.0044320825695203445,0.00981185972015917,0.04554279337885413,0.1698185860511404,0.02687942183798996,0.011385378988823917,0.021943986556946925,0.0639426620508988,0.054695271993960175,0.06429532876165278,0.012297645353422456,0.005167147661599729,0.004630985532463445,0.02013971687161679,0.006992994895644934,0.009988932014279488,0.06844714825683504,0.02079961012839528,0.005260096482130025,0.005590376842126255,0.013377039777591153,0.004580734473457416,0.006819453922602712,0.011287067891362064,0.11068151135307769,0.004553206183866108,0.02258879256552172,0.02181465561715531,0.004398051618987782,0.03028493416140439,0.01655516049680985,0.01341338804002278,0.0658192176798559,0.008032013706878387,0.05121741031253935,0.023128833182592963,0.014058970606040555,0.006214907446404215,0.041486892969245334,0.008224810080046654,0.014279591381707457,0.006251205729706295,0.0399819687123609,0.005853734072837073,0.043009274452412066,0.025339126867455063,0.002564540381001814,0.11293080756833744,0.09350175683761046,0.023980545801168547,0.040624089283189946,0.03108839972284584,0.016323931247838788,0.036695433587771616,0.10623933084974857,0.013933126919707434,0.014164832313934197,0.03259657799725088,0.004896785291602197,0.015591333405047115,0.00965892035928083,0.005352689537243535,0.011098617552824533,0.025627195284562636,0.005982553398313314,0.027421506762682735,0.005857421242813763,0.014909402039187716,0.012762306694934682,0.023739280420538154,0.0035985795512202524,0.02373639399145423,0.0035135865482580834
1979-01-01,0.08421253546258929,0.005185929764045117,0.003122228853472869,0.004200057201467071,0.0044544017560839535,0.010774112829623666,0.0535318326961673,0.1704763787900882,0.025192739875933325,0.011156039460146285,0.021298064494801577,0.06569298425579977,0.053825339558185824,0.0645737353435396,0.013878413407330457,0.005363146778172276,0.0040671503389516864,0.019676501590000863,0.00746668945496034,0.01112918385051627,0.05950541187883831,0.024226371084246714,0.004937295966392042,0.00590503169709577,0.013379857199509381,0.004556089373473882,0.0066809373307037245,0.01084797896780538,0.1060001165319051,0.004308869227631398,0.021089871708290703,0.01910048613367176,0.0042975685063818565,0.03048378050299114,0.016091357446434862,0.013377571575553943,0.06853237186325097,0.007739384116023765,0.06452641811482873,0.022126186066431998,0.014399144980352566,0.005727354632729851,0.04085987815543475,0.00864000913343637,0.01488529398711908,0.006643686001216925,0.039129517851708075,0.005829511737286514,0.043025199681208305,0.028108947851868665,0.0025186231226709266,0.11384883170513178,0.09140567149604051,0.023482022065939304,0.04084557885032129,0.031838012696589174,0.016301985432209568,0.03553374583985711,0.10646331492983747,0.014575897225776976,0.013531977647380981,0.03318613683855566,0.005621621876163625,0.015941262163306602,0.00934990015293745,0.005068042244247651,0.010809354093451884,0.025212244118671154,0.006045175267828451,0.027419482591122136,0.005544724124870082,0.01382903656908914,0.012378215530285838,0.02309079675843695,0.004357523669036263,0.02738154708435718,0.0030103092469265184
1980-01-01,0.08386925803210377,0.004317277787517083,0.003411290821408796,0.004207953015728337,0.004389499482431618,0.010978466197265311,0.07162563738182307,0.1588370331701929,0.022212056856600073,0.010394308027457628,0.019689651008970147,0.05830609836019463,0.05028246180618696,0.0624331563135049,0.014643414328812701,0.004947028083948828,0.003959716125567769,0.019356128468391017,0.008782472311212137,0.013310324872790963,0.041570004158673665,0.027098508302204366,0.005270871768901139,0.005222752228550858,0.013895227703711996,0.004764598283105251,0.007151660125859197,0.010666193667896855,0.10649691099507423,0.004638540589206138,0.020433084496526564,0.018877010117310616,0.004159167062367687,0.03135849456756698,0.016332949976604623,0.01369335368398983,0.06230436602196509,0.008187039024476867,0.0882069264058338,0.020548939941932267,0.014832516953993654,0.006039751974257999,0.0382141695066928,0.008740674782870871,0.016723995305953684,0.0069112024012697865,0.04050328993779471,0.006220458143277622,0.04783672649283761,0.03329280506167434,0.0025934046985795767,0.11351289282277306,0.09071551842030616,0.023235923720422803,0.041548625472804766,0.03189980538031844,0.018493674399663398,0.03513580262787534,0.11085573113517454,0.014517149277440697,0.013155973534278022,0.03274229401085929,0.006286594309338809,0.01562699863451018,0.008757083410065562,0.005093793703589641,0.011244150675543456,0.026699942460735662,0.006481980257188969,0.029460342956557892,0.0059943389488474235,0.014310301286639168,0.012702985267764078,0.023838021571973466,0.004509566414624325,0.029931974268318264,0.002653871354868255
1981-01-01,0.07409651996187333,0.005667797906790447,0.003027047338045365,0.0037615062370554525,0.0039831337577223205,0.010508280169887297,0.08603159055168913,0.15075965780489256,0.02038957709278646,0.009994937300932377,0.01837325815246469,0.05577420394053629,0.04811275721306026,0.061689772956194405,0.014924525507215701,0.004768547623746128,0.0036447677428837044,0.0187259637968781,0.00841698409624925,0.011122896235127184,0.043664515123481754,0.03552288334354115,0.008032245525724985,0.00470931234331657,0.013972009408698272,0.005020051641663582,0.006742931335301072,0.010263115912791184,0.10096726811010481,0.004878083629965929,0.0193351032173935,0.0186362615684386,0.0040093753654167705,0.031014293530073418,0.016489543250467174,0.013891081480805294,0.06960486534973086,0.008207703531085903,0.08071232507047338,0.020796197348369037,0.014469916541201005,0.005962670883052462,0.0367602304767828,0.008140538395826926,0.016269734924926473,0.007245661649237308,0.041663660314148025,0.006579289735485989,0.05063864916149393,0.03537087650203566,0.0025864512699599698,0.1145268807255214,0.08849995828220339,0.022741475104804024,0.04061217214364889,0.029361852511609776,0.01862550431797691,0.03417443461494504,0.1082643417616933,0.014583633156618167,0.01226946681516164,0.03063988590300672,0.006830836928656596,0.015437643164714975,0.009136052767857778,0.005204760431220707,0.011523653602504347,0.028171466828948163,0.006620311671510409,0.03096803999805863,0.006044008781367287,0.015110290340127017,0.01280462602284577,0.02359119637108746,0.004283980088603229,0.030838119048889882,0.00239865369945418
1982-01-01,0.07429124896621711,0.00718440701173735,0.003094903153395718,0.002393649276531766,0.0033318164091250702,0.010747680444783761,0.08751445619440971,0.14357358766118336,0.018765851677312765,0.009963226106448776,0.01717898867149011,0.03944864009042832,0.0458355911025553,0.054022006217894256,0.016833073898496254,0.00468470227723195,0.0030962356669101483,0.01750448941391426,0.008505648264785035,0.012590457546102227,0.04120368197840168,0.02771596144985256,0.0053223231851971765,0.0037143445240418313,0.016908959491661813,0.006020709003561346,0.00655856575265378,0.010215300192410749,0.10307344528870999,0.005547202907117015,0.017994188321645857,0.019401800538908234,0.00365770753786148,0.030273982481687625,0.01775183680487899,0.01555259800006966,0.06318015098269011,0.008886594569541339,0.07517210922348307,0.02129859509983966,0.012683346164654647,0.004955798614942248,0.035638487271163706,0.007458834442055315,0.015841285045597717,0.007073755624798592,0.04568971012302182,0.007634231073879449,0.05418469292669595,0.03961056552680326,0.0028271872323227453,0.11433590877798308,0.08943404266296859,0.022919425156040493,0.04242075967501644,0.03201693807061044,0.020437553161219316,0.043091622302474084,0.11009339680900067,0.015196819568214465,0.012245839727438628,0.03234771533713764,0.008019577923266333,0.016140502962636374,0.008504997875835812,0.005355532404359971,0.012095852618025246,0.030129484486768703,0.007084918914487921,0.034897820435747684,0.006319374797353277,0.016480909503294828,0.013862700537500779,0.025162597524073658,0.004916672424004471,0.03273093245904236,0.0023912633699808205
1983-01-01,0.061760053056742134,0.005563610156444535,0.002624549298295024,0.0023342793239128955,0.0034286732851499697,0.009024270446720923,0.07829200799325287,0.14981170545017736,0.02018034586932592,0.010288235979297965,0.017262068981226713,0.038409559536541654,0.04395081995578497,0.04454316526887066,0.018655452968774036,0.004851967903027176,0.0034133821389309787,0.016824103398143574,0.00884392411517592,0.012694284205004213,0.05167757751428141,0.02640210978110314,0.004520707762400862,0.0034778685623727337,0.016048832715461248,0.005866006881855738,0.00622407934050685,0.009432735257803585,0.09903935404212635,0.004320047985389879,0.019189149179911182,0.019077520020871618,0.0035138866234737088,0.030209729772119595,0.018188696192207834,0.015696919687228306,0.06574338057745381,0.009320976821863645,0.06045856652882008,0.021694854007025855,0.011718919602581547,0.004437407938867875,0.035361091782047854,0.007618045074105861,0.0159682617900739,0.007219783749327694,0.0451419737047578,0.008519100014201537,0.0550214213196135,0.03759327918774749,0.002962030980029072,0.11053940099130771,0.09024881803682755,0.022891211331793136,0.042480202047979816,0.039056669144608744,0.02348435613945266,0.04277263253547632,0.10577180721007781,0.015691484640782634,0.013158771413640639,0.033142095675707764,0.011776737432394158,0.016692497346909398,0.008177151057231331,0.00550013880944679,0.012558288516895838,0.03209717721201382,0.007521948281870344,0.036276682790153905,0.006534383984469231,0.017098640229306544,0.014304628414486953,0.025651782679128734,0.005555890375505356,0.03539200593334462,0.002268845712455261
1984-01-01,0.0596723670963261,0.005712288963515604,0.002465208995559964,0.0020242722113109684,0.003517545600098217,0.009174497601350537,0.07135260857404499,0.15762619929681157,0.01904557313729516,0.010468114139492566,0.01696396319109219,0.038316914782557186,0.04405687823309339,0.047389273963835854,0.021066293433413714,0.004902532161736634,0.003521659471711255,0.01840815126105462,0.009896119768245457,0.014807198472286766,0.056454362123766894,0.026387849650064056,0.004519077902999862,0.003129642113894852,0.016002663202052642,0.006035501883532482,0.005951047073043458,0.008763446769828265,0.09294016771880578,0.004217979964686879,0.01794174983227792,0.017724086027974213,0.002987195088939021,0.0305459791457771,0.01797445270924599,0.01596676097180597,0.057451522139509104,0.008860833720129897,0.0595937324791987,0.022834623226003894,0.011609937515536423,0.0045608980440446775,0.03324237233792835,0.007421859086423285,0.016380977069128992,0.00726882676334445,0.042372677634418064,0.009013547244130133,0.05363081289993993,0.03360533288033651,0.0030356473546036874,0.11460607741837851,0.08668603881623822,0.022958453943054263,0.040465924762472086,0.03854360657420993,0.022130582406258252,0.043943512047101625,0.10380325865847778,0.014981733176396056,0.01259198152038483,0.03425261188124456,0.01233479085068928,0.01712191449954671,0.0077756650308503745,0.005491885824563,0.01224514013464733,0.03222569285843887,0.007453952284501731,0.03492154811772531,0.006219226571671277,0.01744608024573028,0.013866603541938534,0.025854340041314386,0.006388622831976025,0.03767638964726132,0.002367294176315561
1985-01-01,0.05329676701256767,0.006574069098213721,0.0021762901647237537,0.0017541609035634184,0.0034384432322166142,0.008285479261272722,0.061932759228647855,0.1601537385167505,0.01745317636463126,0.010068002695182352,0.0163133527986605,0.032788637243413035,0.04198330056699854,0.04448522662519999,0.01958568212518143,0.004847762534820651,0.003596802386272829,0.016686506292878166,0.009789786463645807,0.012112508170881619,0.05525544808211652,0.028076969614412774,0.004150250596535141,0.00278189124017618,0.017560385995556992,0.00601973852911384,0.005529294681663277,0.007866607450625108,0.08761862099053609,0.004278100753505915,0.015908817651434874,0.01617317933314109,0.0025421807238086634,0.028016589283690486,0.018302713272740394,0.015829682798780838,0.052960609217364014,0.008929421405554383,0.05174507259237564,0.021833993996177588,0.01021447032040976,0.004471795801670004,0.03222768989267966,0.007117271636612977,0.016190884424166715,0.007172122518619826,0.042075857280114794,0.009178036772211165,0.05229987284320727,0.028212045107720473,0.003201684221321575,0.11349692096987302,0.08633208480073284,0.023911666158038344,0.04033218947274826,0.04244909749413574,0.02493002711730371,0.04578414737320314,0.10618114103279783,0.01578246295624654,0.012403042556293178,0.03567971023199933,0.012949486474752097,0.018435886691481745,0.008620158271579184,0.005941636127264586,0.012325599346235292,0.033530277736140396,0.007621638560731425,0.03491963541353695,0.005809043670561994,0.018592559660831523,0.014112113103960187,0.02569449402090774,0.005477767654494038,0.03770677380824377,0.0022259093562208314
1986-01-01,0.04750243654860573,0.007497673830039847,0.0020991313532775844,0.0016292345933974937,0.003228836979003547,0.007474849001928115,0.03507519441503683,0.16248125626422366,0.017629113953991395,0.010208983646514892,0.016067723946885316,0.029691907075074943,0.03931248293887901,0.04172490656442697,0.016930481194399216,0.004789288601746184,0.0036965171756351864,0.016540578326535955,0.009459892693010728,0.011127019689340125,0.053133694326265,0.029233766401393625,0.003951378002832009,0.002431849646750405,0.017000098858950666,0.005926096019142222,0.005425448573138507,0.00773800880047877,0.08497112432905674,0.004149584484452261,0.015758325380899253,0.015655937794817075,0.002364380184419401,0.027789197635909174,0.018367386918429027,0.015814493731268312,0.04985971637751111,0.00929090480623935,0.031229368137297615,0.02113069362640864,0.011938895364138334,0.004246578442870913,0.03202727173711102,0.007007569780065796,0.01646298568743568,0.0069927526708608405,0.04168195659434737,0.009552916254411969,0.05037005873854981,0.020793656811691753,0.0034064021641713564,0.11205982794713218,0.08317667405637029,0.023729123875158457,0.040292489115286406,0.04638654329731174,0.03084752784950226,0.0454894935156223,0.10912073458963778,0.015676193052523123,0.01270865145428538,0.03652184991526276,0.013737121003850515,0.01898125947130374,0.008395334552513204,0.0063609813051278535,0.012435126630286541,0.035046228870884065,0.00786166643213233,0.03571861472972721,0.006358518584732333,0.019635886111656734,0.014353495627796534,0.02692806956381904,0.005776651056675812,0.038155183585259794,0.002220010022973289
1987-01-01,0.04808659559881777,0.007435093978175886,0.0023883189540939913,0.0019212142145215458,0.003387035449075045,0.006883092286660592,0.034575408965088275,0.15466475650276648,0.01979451851890388,0.010643706309958631,0.016637257564237805,0.03197087456863663,0.03907487876328375,0.03991560039602364,0.017999226476224532,0.004788360844151179,0.002128737909084087,0.015836198700039127,0.008478453107853667,0.013210456098354568,0.0530688691952429,0.028123645893490118,0.003946873896937461,0.0025210307639055214,0.01722509731465162,0.0064264994447445255,0.005243591766916665,0.008504061871311109,0.08455888385376926,0.0042635246232115166,0.016703827948790967,0.016319933861501885,0.0024204259718806943,0.02877444420183911,0.019506729408704827,0.016962134888897983,0.05016674961010641,0.009888424746978382,0.03592757381547578,0.022579980601433534,0.009525224220209981,0.004112457240698182,0.0318971906978128,0.0069362523711759515,0.017587002714318442,0.006844273333208576,0.039099060944371856,0.00950092362293938,0.04786183769288608,0.01653777200471539,0.003496571482297783,0.10546128581493283,0.08827443266956651,0.026451194008662735,0.04261481584823379,0.050298495995400885,0.035276201521271415,0.04297725744701909,0.11089856787136264,0.015933704979639307,0.012904828721203757,0.03747981943767442,0.014088102823937899,0.01912133210115752,0.00863830723721189,0.00710307123479133,0.011977930975646298,0.037371473686663596,0.007742733366013984,0.036097431052061334,0.006632303576674975,0.020680685621447432,0.014583833411635484,0.02631140623321364,0.005848436613344282,0.04018574975269147,0.0020513940468579357
1988-01-01,0.04706535179348751,0.007905929384667863,0.0024675419724264646,0.0024200222908129184,0.0032689964788112425,0.006278298048471492,0.028429501310770215,0.14707302037713574,0.018844080353308618,0.010250713671908865,0.015661091576548977,0.03673637983356224,0.038839687080721885,0.041387185883196405,0.018505321305393976,0.004696630868899836,0.002168108440977607,0.015836925756476355,0.008756186065118734,0.013648301606566254,0.05261952781515224,0.028084580755026445,0.003879367705070608,0.0024834791734908703,0.015499676114847198,0.006347996901397167,0.005036110153585844,0.008458606848981434,0.08295800319624448,0.004705125786868334,0.015822092215232918,0.015033894382936836,0.0023526691136392074,0.029897543780291906,0.01895024879746432,0.016510411409510123,0.052688038866154564,0.010191693997241949,0.03260070645341188,0.022633211663730644,0.008303514065258229,0.0041760304346350864,0.03293236101320138,0.006776023605877933,0.018287405525851536,0.006842969564713613,0.03800424161809954,0.009684053899865692,0.04665239167688942,0.015274584951938838,0.0035016336918980346,0.10788605921492607,0.08621474559214025,0.024814181335447005,0.04224459439703702,0.04883729591181282,0.03520174097516372,0.04248310291355903,0.11357231282484764,0.015872055452186905,0.013498480092510295,0.04033156874956382,0.015861028666467308,0.019563437434935913,0.008484225788688673,0.007313040826659409,0.012299043990311695,0.038854428875183145,0.007950033829111481,0.03690805229113739,0.007400916336196414,0.021588346320783363,0.014885911484208316,0.027411064437961197,0.006439448082316794,0.04106913462370743,0.002039526061684779
1989-01-01,0.04664708487989539,0.006841802621862615,0.0023155555516450174,0.0026127715835512215,0.003200285417616744,0.006014777638506173,0.028978894565994544,0.1429401013765699,0.01834281925560827,0.010135521611915502,0.014890947128005335,0.035112032683769445,0.03738221773994335,0.041773477911946535,0.017128766156480093,0.004484206392046264,0.002259876408117771,0.015442677222478026,0.007925346589732919,0.013545147896860796,0.05036329514134664,0.02841137281991674,0.0038380233791496495,0.0027244152967343563,0.015178288664888994,0.006673223566364025,0.005401851858230636,0.00825041826886137,0.08114563365271797,0.0048592292627978526,0.015509122065949739,0.01391608135597999,0.0022929543820275856,0.030233783262151256,0.018337345735423373,0.016050561091285068,0.05252342043744028,0.010670005167952318,0.03409857771549463,0.022198117623286034,0.007847427800931082,0.004237342166070173,0.032701725834684336,0.006996856549771124,0.018694439265525355,0.006986960543703229,0.036616363693122524,0.009990481885173541,0.04563155536790276,0.014536802692830563,0.0036318344582189866,0.10659449397306356,0.08696400989592837,0.024244617877008583,0.042610189573456435,0.0468492209348406,0.03385232088742276,0.04357920225943213,0.10617681400547545,0.015352279945658309,0.013667285068048844,0.04244613893995666,0.017220408529613,0.01953952473751758,0.008517859775779357,0.007854363146993622,0.01260194245146614,0.03999351107520596,0.00846038781383793,0.0383426216130488,0.008270059934981262,0.02222335840633949,0.015356117932491814,0.02802315465760379,0.0068442958214093115,0.04362026175637357,0.002063903845919645
1990-01-01,0.045640399365416,0.007293580695496658,0.0023262431675301724,0.0026035903485338067,0.003155776673065141,0.006025389404621121,0.03195356912646853,0.13614670742655943,0.017508429275668768,0.009810940865918195,0.014084678003119815,0.03191848882971175,0.03559929231111376,0.040332721240260806,0.015492010409877736,0.004212735229035188,0.0021836993586631407,0.014241470078400915,0.008371274598090485,0.013098745117134736,0.04459002280746192,0.02780248080520413,0.003732181827709759,0.002602760148837715,0.014448490670099593,0.006915525280579919,0.0045789822066367395,0.008162595152173215,0.08179490212651615,0.005516658217705301,0.014410367264326512,0.013409025024343891,0.0021367055527870466,0.028778123497295912,0.01830198628376466,0.016144980902567177,0.0513234926453005,0.011120145257919519,0.03929200532833156,0.021852834706277857,0.0076096909841397034,0.004266008620381744,0.03399740952574711,0.007067448513878385,0.01959098355777096,0.007242821080842227,0.036298193530249254,0.010381149653727136,0.04525091562588726,0.01302006200831504,0.00372273706450937,0.1074088655010639,0.08795170854498147,0.023746739848451274,0.04376614176765889,0.04765892032950692,0.03218975288302996,0.04629665313124547,0.10949451873917072,0.015350266559452248,0.013955515618282763,0.045014010935476474,0.01844371975945319,0.019143272821104652,0.00862124858746604,0.008292356843624168,0.013399056447296434,0.0426310945532232,0.009380454841478798,0.040349049089588154,0.00938980954313279,0.023226980536883303,0.015829510095051378,0.02945074307957524,0.007427379484060564,0.04493411022986772,0.0020703118717472486
1991-01-01,0.04430849381709071,0.007190250386524644,0.002151219636146747,0.0023030534093439335,0.0029639680930127915,0.005670385528705479,0.028346915800981556,0.12161589053982011,0.016331737140895353,0.009277925406824254,0.013002120864875214,0.028389457693462843,0.0339102950131587,0.03813871698378232,0.014356379031977609,0.00391257296243344,0.00227478053766691,0.014049134744451233,0.008048579940917506,0.013633488073043333,0.042007913727946704,0.027957677525169797,0.003357331113277168,0.0025497543423449484,0.014095673375834323,0.007350571778203715,0.004585886739141232,0.008115849365646228,0.08098856814132659,0.005703582143707677,0.014167211469485066,0.01347247344516998,0.001962158272467232,0.027825623989618062,0.018209525580995194,0.015543347028205992,0.049730555119234236,0.012489076579810555,0.03465577208268963,0.021307969938127978,0.007379012561761707,0.003973672824907154,0.03349419868681761,0.006912490116892043,0.01894125742756352,0.00672230679655333,0.03674124920188757,0.010376288048004662,0.04647338148034828,0.012443160530791315,0.0038973252552372464,0.10623051457309439,0.08902227261606194,0.023113777389732595,0.043937782763771104,0.052253683216672536,0.035474928449454705,0.046186391290879494,0.1133379641220355,0.01539983819522679,0.013910190061691079,0.04451726956206756,0.019448342585392825,0.018237371694813705,0.00838485423005691,0.008796756248451837,0.013848054597239806,0.04559880198109049,0.010145279025448584,0.043840122596991375,0.010646938666916211,0.023502763579655524,0.016333948562174443,0.02987010269723536,0.007569101676993176,0.04573692040655585,0.001990519025297542
1992-01-01,0.04316395904409052,0.006895458179712136,0.002380715717768548,0.002264139259228897,0.002856357195574144,0.005235922731795834,0.025970682985767685,0.12245304225702966,0.017893188552790224,0.009533750859085125,0.012873597975137298,0.028072411555288775,0.03408129841400186,0.03736148692636126,0.015004183011156759,0.004079398438208241,0.0022861772473058367,0.013604783406499617,0.008557574703245472,0.01486851152504268,0.04749002857742262,0.024623449878525782,0.0032203209155215276,0.0028388921912317474,0.013687574078411454,0.008250916204987177,0.004309416458110961,0.008220095161824884,0.0803476343148966,0.005912856666283489,0.014360871080075041,0.01401786647503665,0.002008283562701549,0.02714018807581238,0.018052715671394673,0.01590420716131135,0.0482672153111694,0.013178292102231325,0.03138532588707594,0.022886046708337902,0.007080199899999266,0.0036941687923728664,0.033819247724994325,0.006752363635203272,0.018790672932757636,0.007264513770012933,0.03599170023241796,0.010575672723780934,0.04401781009415239,0.012187171189769606,0.0038648311150684452,0.10384077816181314,0.08835946852687274,0.02219778974307807,0.042616103344913045,0.053979986831220676,0.035656241163566374,0.045426336760310715,0.1120400410020137,0.01577240482262701,0.01442998636670927,0.04452808833264074,0.02034588956531939,0.019057718085283993,0.008494511997833262,0.00893543225459952,0.014767794091072567,0.0474698863236265,0.010225152996504092,0.04481265397441527,0.011106178909419893,0.024010304679717456,0.016297573771329215,0.03086705268466396,0.008037809778866608,0.04717529949136912,0.002081916964663491
1993-01-01,0.04393538175694258,0.0068170286196776,0.0025290166758396965,0.0019848910689145433,0.002720123102555051,0.004372282917820336,0.02476772340330166,0.12204687030881163,0.019576510005361657,0.009640318234338197,0.012673579211893582,0.02738700244885663,0.033525591400283626,0.03863041144386877,0.014988347419001277,0.003946046069475314,0.0022835427972462763,0.01412965920354599,0.008678478420382829,0.015127528545154121,0.05011561259375657,0.02242040576806043,0.002992287299166465,0.0030968671174937267,0.013130553582149837,0.00841207687965941,0.0043290315251423425,0.008212534194331027,0.0782743670097381,0.004059202373043605,0.014229300100583169,0.013584185174267049,0.0019111963590876543,0.02554111102494792,0.017633928254099422,0.015301014256488768,0.04639128457883574,0.012922238210511135,0.028336410320033697,0.023164589451276824,0.006913658324193328,0.004176038850864167,0.0336124976277199,0.006718925760835112,0.019141201036497905,0.0070299447417604055,0.036301879528383145,0.010633354599359995,0.04343731652996876,0.012100686228443968,0.003995124227176482,0.1044563574970503,0.08780072302476337,0.022613914834721017,0.042232038060357864,0.05292129214561179,0.03497204766169832,0.048345079037208784,0.11624130158635015,0.015516020801217998,0.014009863052931948,0.044926837086101984,0.021604772550530657,0.01962911765179495,0.007971953915161737,0.009289568440040395,0.015161527498265503,0.04674210855379449,0.010029063053279028,0.04443857978207752,0.01165368518657949,0.023387559667640737,0.016158555673788814,0.029639180965395803,0.008143683501032178,0.045865180611490135,0.002079770071095327
1994-01-01,0.04303605945876173,0.006932276423863611,0.002642068810975009,0.002016500309360145,0.0027861263161320644,0.004360738234551756,0.0216535000667805,0.1235545739741187,0.019886716277879947,0.009624375898248674,0.012905876754803716,0.02915499389122514,0.034338449085115956,0.04086508490468046,0.015723488960831984,0.004054771899224284,0.00240943564934905,0.014345835950311633,0.00938769725863356,0.017085445871255992,0.05514086139486878,0.01932799339016899,0.0031395027161936445,0.003270717316375689,0.012749810146859247,0.008114410236986426,0.004217295319380266,0.008072526417814115,0.07501419632328078,0.004080557186658728,0.013993145944892552,0.01317776535959544,0.0017516890754145662,0.025695825524022227,0.016826951457571123,0.014786340338141565,0.04602837908723782,0.012887128685485342,0.026496568449657233,0.023897936753556722,0.006698066272807355,0.0044354092899846495,0.03458575535656211,0.006917105384016851,0.01857955681105128,0.006924082192169653,0.03685379949733658,0.010438470510974462,0.04179863587892977,0.010233049505645846,0.004057513136958611,0.10538835750552884,0.08736800541494943,0.022911115767268314,0.04054163621537275,0.052969821728252264,0.034977671142769784,0.04599094209248727,0.1147441130865194,0.015511471874813667,0.0137395546859807,0.04576704992698327,0.023202884495151118,0.020331844198317597,0.007871751553612402,0.00940301950425664,0.015070143632544579,0.04609185802133262,0.009670322920489187,0.04293514931769728,0.011867420804583776,0.022307862597563146,0.015910235329312544,0.030574438839895832,0.007917656795309456,0.045709446313986504,0.002006732162994499
1995-01-01,0.043535592179117115,0.006979537251540404,0.0025320537440063754,0.002287791102376192,0.002778939884863723,0.00425809131023794,0.019559831847219048,0.12155998584077767,0.0191040239291492,0.009730009006778173,0.013131051653294357,0.0308050372352304,0.034874467526647315,0.04300892732367696,0.017637015381005594,0.003984441808513373,0.0025884717494411434,0.01426396581240273,0.009977265279951502,0.020075444507130426,0.05425942171218869,0.01776015526523658,0.002968523062891634,0.0033316689814005666,0.013175306551941641,0.007959928780809552,0.0038352618557917877,0.007931921645068576,0.07397135702597112,0.004492251345453855,0.013560052494081713,0.012676281785791093,0.001563776976312526,0.02978024080000666,0.016814537315608096,0.015014110868525997,0.04764836395325748,0.01294264916135267,0.026487366108393442,0.024421055737871615,0.0066656523612567764,0.004136768314513098,0.03418082585154629,0.006952153631887073,0.01879037202164344,0.00707053288421326,0.03788983675727194,0.010732493097957208,0.04105803668988578,0.008932645250489018,0.004082534586909689,0.10999452959523427,0.08516144664341208,0.022865086170453044,0.04038142864454445,0.05423933153353525,0.03585236516300282,0.04641605392370381,0.1143566349437396,0.01554614529982016,0.013785325924975646,0.04858045038658197,0.02537913629459143,0.0214606426700424,0.008274088998790941,0.009612006229934106,0.01577508319493553,0.04671967951422587,0.00993609024561945,0.04208172941420156,0.012250200687233223,0.02139830666203809,0.016181795864284268,0.03027514182242002,0.007835736102436633,0.048903684075131015,0.0020380421363476744
1996-01-01,0.039143696889389915,0.008487069601393992,0.002448797016543793,0.0020233047343594947,0.0027660331573149334,0.004039819177250645,0.024459577423880684,0.12621835712914833,0.018376352408466835,0.009687867850211892,0.013530021505231117,0.028926931244959753,0.03485888505735394,0.043542149300590846,0.01860345961635438,0.003986629816511382,0.0019286922370132667,0.0140889748893033,0.010952575524319908,0.02039127328840701,0.05214140448889022,0.0182478257990716,0.002893888370417019,0.003245944737970928,0.012289261663871575,0.007995816026027327,0.0035476947031060674,0.007980342462617375,0.07275836586406162,0.004550160619663418,0.012979577606453305,0.011992779678141226,0.001534896444430321,0.025996472332856676,0.01667017914978179,0.014912284790023694,0.045399350690302626,0.013273989221569995,0.029285627212449997,0.02405253617322462,0.006416692599723852,0.00396193769863091,0.0351988597313292,0.006643768358943851,0.019878947631626055,0.007132913235633279,0.03987832318557283,0.011457495838868733,0.03944854520345923,0.009287626718732782,0.0041240395279232775,0.10874361623456467,0.08473506151429312,0.02330554088678138,0.04010117925430635,0.05601947972923702,0.038340965063931066,0.04667344661064981,0.10995389854978069,0.015717876642482947,0.014057581256922254,0.051800536639997535,0.02861638073056027,0.022827717039024253,0.007963378854787132,0.009719790049520968,0.016399145524109388,0.04633992382737646,0.0102333785668582,0.04202475109133911,0.01240450186640782,0.021936904375155955,0.016596676079142572,0.031420768650059244,0.008528395279890584,0.05105117385855035,0.001967015878120052
1997-01-01,0.03996689535310817,0.007503745213271118,0.0024001068074365876,0.0018959859488655707,0.002755744788718175,0.003939827160891601,0.024278731984639274,0.12413422380854397,0.01780874296462404,0.009912708540009524,0.013266618752416848,0.025621445621747257,0.03490384393317219,0.04281126334831304,0.018963456629036823,0.00398117961924032,0.001686474734717152,0.013348346905505154,0.01221834972668028,0.020826405892262253,0.05285565604980534,0.01877847671537818,0.0026616240427558805,0.0033315238835818686,0.01176641717370485,0.008151067586159643,0.003200324745229169,0.007950025422410264,0.06949789304387458,0.004280741323867585,0.012385468820057628,0.01175970822140673,0.0016004204562159036,0.024024314834529416,0.017636399758408156,0.014290216482004127,0.04527909706354922,0.013384205793720854,0.025028503547561528,0.023808832507802,0.006516359338055264,0.003843079473475359,0.03441744908990171,0.006186182857430761,0.01876471882132312,0.007029067563967659,0.0398550811099211,0.011568819483314218,0.03729906539589289,0.008527345996198843,0.004031819423227992,0.10638788471065048,0.08145176852767924,0.022962482259857267,0.03984010065835089,0.05990240321829874,0.04198665624302851,0.04629182337447341,0.10776844312860116,0.015483314147182637,0.01380022571968871,0.05363909557650524,0.031148323424370575,0.02316338244327584,0.007821352159942702,0.009648834278531837,0.016654583786836506,0.04548617079601845,0.010455275840158417,0.04089106044035676,0.012085965892233978,0.021839120142491685,0.01636365891366587,0.029748939330557198,0.008988495820649957,0.052071515323471686,0.0018373476142418083
1998-01-01,0.03963544862773801,0.0071680435505085465,0.0022923206214418923,0.0019237270756630592,0.0025592764475062804,0.003804706103698676,0.0179843008582935,0.12621991050849699,0.017391526372814686,0.010451027694666853,0.01343397149767835,0.02632037100328919,0.03476024746680506,0.041649512727615544,0.018648142443433515,0.0040496131858737796,0.0016875353682877822,0.013029617210717553,0.011812133028655662,0.018840933171542788,0.052457141092877246,0.021821302331631216,0.0028593659930041954,0.0035294663427459095,0.011583809977217207,0.008473149282639916,0.0028732501333786024,0.00749665459292175,0.06878727708923779,0.004247799654467566,0.011586510877639447,0.010925327481813376,0.0013987879307495624,0.02356088262831387,0.017841264531102737,0.014030348867153469,0.04333045990744951,0.014032605629767199,0.020915003348388556,0.023215428546922864,0.006416029644014102,0.003586517849939287,0.035033815867057394,0.00553859067207879,0.018136480537132703,0.006789534822952063,0.04193863331017417,0.011723985093035358,0.03709484111908895,0.007351239718740916,0.0039521393663348075,0.10773604710826883,0.08015336488323539,0.02258853308051416,0.039576594596339346,0.06253066781127241,0.04540731020227986,0.04491811188593703,0.107372209069233,0.015630045955356053,0.013970467749035842,0.057774250282735445,0.03539928630733677,0.0222891562044887,0.0077462538366488524,0.009574003568800242,0.01660242710360413,0.045549237050715057,0.010503492086547541,0.04081856696146876,0.012031735510700034,0.022005854721846095,0.016351207435059113,0.030535168823299503,0.00909167957647792,0.05481282191193674,0.002017234101019547
1999-01-01,0.03970663370383259,0.008078279164829168,0.0021556140947331694,0.0018145039824618771,0.002501365138747482,0.0033525065084285426,0.016044166432123728,0.12704571011009755,0.01662713487908875,0.010886207821733955,0.013887371604200496,0.02432827371647929,0.03476385988201898,0.03999955151960215,0.017752148920999283,0.004042466054143097,0.001548001626826869,0.013147207207217109,0.011812310611378898,0.019307130545009158,0.054840853175863784,0.019591756211556857,0.002400903167349501,0.0034503904710250903,0.011369185667386763,0.00861719935345429,0.002778958131962033,0.007035296279589341,0.06492884069499942,0.005850232512628527,0.01031064892694945,0.010043255692713408,0.0013465806546864413,0.022342532195905634,0.017636872189665018,0.012957820698933942,0.04018412168999287,0.01451170549145681,0.022363397381890932,0.02243121534569045,0.00729507672402436,0.0034669363484624042,0.035208130396513326,0.0054919065311649536,0.01639873231396307,0.005895386562831493,0.041840611748713244,0.012028059632119932,0.03496252608157581,0.007206172958920027,0.0039044159840137976,0.1067929268640523,0.08109248939738216,0.02286661237262559,0.039723595695703336,0.06498105022676548,0.04968412281580981,0.044209765724200246,0.10759107914925058,0.015431472073361917,0.014049898299154786,0.059636949578803826,0.03845935112199999,0.022088917983591968,0.0073304116954678485,0.009522687440353634,0.017324226341089415,0.044746404003723546,0.010276029292194296,0.04030352548907977,0.011781715135815026,0.021943560047974035,0.016349285836340287,0.029745856236249677,0.009595722786755665,0.055726492129117074,0.0017260942599099907
2000-01-01,0.039779682008206446,0.009203708939771207,0.002217726100573756,0.0017771645624911987,0.0024077771141454768,0.0029410484093884545,0.016759481257505728,0.1268307302183684,0.014778848797094828,0.011228525482511425,0.014148766488070428,0.024544887245733397,0.03562207681768339,0.041954273297735295,0.018205789455874647,0.004126596382345555,0.0014520343345317494,0.013227859540585295,0.012959900962451412,0.023431272974265626,0.05450356002556959,0.01792419761464115,0.002400178753825427,0.003409558232398868,0.01124242941019788,0.00873492118857628,0.003377189347415626,0.006784464516378567,0.062133164902142116,0.004568865120743535,0.009696685872952688,0.008875118818121825,0.0013566162748928873,0.022422341672411552,0.017616478357727172,0.01222526311535138,0.03900150539208585,0.01485831128128443,0.030955420352336116,0.021698239864878528,0.0051917161997090434,0.0034356709934524727,0.03504211193083203,0.005583680701299182,0.01623867353127449,0.00556536738753269,0.04253975354898553,0.012152168130255683,0.03541795927378265,0.006297628763879393,0.0038687298723000647,0.10671930966298798,0.08255080344348661,0.02329946097708228,0.03835517263103311,0.06748009666558889,0.054015947195551306,0.043547235317094146,0.10635851912084868,0.015649980730949697,0.014144767304111414,0.06068924617254341,0.03935928536413843,0.02215141827211311,0.007333116033676454,0.008728726868942603,0.01883725248561395,0.043828982369941004,0.010215631824412836,0.04031139812895891,0.011876044886046601,0.021396926081656796,0.0165504985049133,0.030442862798742115,0.009917306693053284,0.05583436338581793,0.0017293734030454865
2001-01-01,0.03855179650081924,0.008711630707284682,0.0020396182907395865,0.0014901929268527352,0.002439675557352141,0.002929989204813887,0.017099421359070808,0.1295328895755504,0.013353226798879923,0.010468323226068698,0.01345362043382519,0.020898790517738436,0.03236064627264978,0.03690104541571911,0.014984950593025716,0.0034766098253799487,0.0013578079454376417,0.011835463865801518,0.010658336797175549,0.01666378550096537,0.04796916759949141,0.02022608667775419,0.002258982841447982,0.0033226548898107537,0.010849160286830426,0.009095401245920223,0.0033273174982975584,0.006268763455220519,0.06250988254225237,0.004543394807334207,0.008529685415395574,0.007277870871026737,0.0011989564858385375,0.020735529806231716,0.016919048423285777,0.011573051751706306,0.035142301493762455,0.01615157152635817,0.02856790737964001,0.02035738570283331,0.005196646021388839,0.0033581950977195794,0.033398924963095815,0.005519271510620424,0.014786947628443679,0.005429906301880313,0.045046383915608154,0.01173457062115337,0.03676658211277373,0.007194708972882865,0.003884281622412994,0.10249184926648798,0.08180639221650185,0.023170266468065054,0.03912809548304957,0.06708434051120554,0.04251982811271756,0.04386979621111141,0.10966029514433354,0.014564588908934728,0.014162041195751363,0.059695812135158885,0.04016375125371099,0.022721070238048938,0.007423837285474932,0.00870613462668691,0.02023040557869284,0.046692956299549046,0.010754373646086213,0.042703263884039555,0.012514314064116051,0.02231343744771008,0.017345748383627336,0.03238869407972375,0.010632174895223478,0.058592315249005836,0.0014806342928241263
2002-01-01,0.032487893937554704,0.008743689882279047,0.001931378526310219,0.0015603213884227438,0.0024132054567103066,0.0028855908772538836,0.014211838172259914,0.12706422105175055,0.01315909052862027,0.01074971900155891,0.013205668999872184,0.021087252097928694,0.03091920146699696,0.034047138102659934,0.011824711543337682,0.0028967358974101957,0.0013597276505493711,0.010741361025216212,0.006707270857642318,0.014893390581793163,0.05153397009363965,0.017927495205298672,0.0024733452678998118,0.0031451894404331575,0.009722459575604112,0.009589148184376577,0.0028993958878484084,0.006691171605294834,0.0617027300731529,0.003942838661651314,0.008068066630264551,0.005771954389504123,0.0009150212993043028,0.0198949795826597,0.016510219049938334,0.01071302387525409,0.03505823335405536,0.017152017950912465,0.027143447823343332,0.020052956317705223,0.005286645686948322,0.003228436583705421,0.03291198160105583,0.0053746106727505525,0.01333538066681326,0.005589149701736085,0.04266380215597094,0.0124388588000972,0.03559739861118982,0.005481367301769454,0.0037854799617929166,0.10237800504601788,0.08438705899672375,0.023953933622535017,0.039803417479167484,0.06870222430096914,0.03684472807453268,0.04431277330784385,0.11252940446202421,0.014533843970047398,0.01427863184274267,0.059032424890996145,0.03859733194420866,0.021834056548449852,0.0075514856870199385,0.009040938474352481,0.020860551379083776,0.04886985751969697,0.011060041106856358,0.04590595370862375,0.013087249429201062,0.022756879191973674,0.0180230829082253,0.03330842805643622,0.01134348226133669,0.057530112773063836,0.0016273025445454213
2003-01-01,0.03669018361927306,0.008942162281730942,0.0021938890406384137,0.0015004172654031506,0.0023739908376883717,0.0026539736352464496,0.018909753432851013,0.12706130702432233,0.012826879856580351,0.010077331894076452,0.012764252604157077,0.01954624103978768,0.028915131630210904,0.03322481393485503,0.010850924666695261,0.0025909080492651864,0.0012169480584951974,0.009884784900259439,0.006110751498471786,0.014489061543126108,0.05134999795386977,0.01714472485754737,0.0024375300955685637,0.0029961026463783203,0.0092669052895544,0.00986888276194473,0.0028616178129214995,0.0063130584355787665,0.06180077990979457,0.003588001209541395,0.007340238221919195,0.004681782948346409,0.0007486910984416676,0.01845761225267827,0.015647235724772394,0.009803223203608095,0.03544410778937174,0.0174934644406072,0.0294597842128395,0.01956341558859346,0.005218306906798424,0.003175975607526682,0.031322014751038706,0.005620266952183762,0.01433604169229159,0.005436963754683502,0.04064109934560979,0.012695300824682837,0.03465323249607808,0.006787813506455698,0.00381220180282727,0.10005669940112707,0.08424777027721976,0.023970220776523297,0.039713885164600254,0.06882569964071285,0.03636459893734876,0.04561653918772069,0.1118380936352167,0.014629257489891634,0.014204463581262896,0.05898811191494048,0.03682050808251287,0.02168411892514369,0.007436977102907255,0.00860187523845488,0.020772644118885054,0.04950884656337878,0.010976650195942884,0.04667503829814857,0.01352838759356725,0.023820126295710498,0.018377645961256368,0.0330961728198169,0.011274072867635307,0.05686987270824209,0.0016152039090548942
2004-01-01,0.03704884365821717,0.00922762371024542,0.0023019135147700604,0.0018783770353288417,0.0023643428348220272,0.002698310624596331,0.02100732335137288,0.1312943046050204,0.013536437856294811,0.009961061942918861,0.012529512921366101,0.02519983570362518,0.029178748248422478,0.03251711022720337,0.009739471962047214,0.002682650021763446,0.0013255514375463515,0.009374354082117068,0.005427259277791261,0.013877997906322496,0.04797595224005068,0.015738029174533753,0.0024443906275338637,0.002948936915795299,0.009504118747379234,0.009409541020588786,0.0028995039150952937,0.005847720925024983,0.060963869156572446,0.0031893448911930306,0.006672821817200531,0.003814837506497872,0.0007145587736275189,0.017489080315400557,0.015073957614494374,0.009196448134800866,0.03663695973809407,0.0169790063965146,0.034812944536886055,0.01864813721843546,0.005285977189489782,0.0031439722966388043,0.03181696413391017,0.00603717577720773,0.014167938253630002,0.00533654364305123,0.039673701183339724,0.012983125789324835,0.03347566965236979,0.00681654888700275,0.0038220830383275083,0.10294025451696318,0.08391831739454912,0.02385068649494658,0.03928668683592047,0.06824442312695227,0.036721935186335236,0.04851223092519073,0.11744638308721542,0.015110157753813988,0.014100800151704715,0.059720785329193095,0.0358807400130945,0.020829880101252175,0.007238927070780084,0.008189969085343583,0.0201798395847027,0.049479356726877,0.01054175581098969,0.04628283697734404,0.013572023885821285,0.023209408313229325,0.017964043323356754,0.03218153493678136,0.011061298799604942,0.05794460526533143,0.001603538649042396
2005-01-01,0.03516058726864072,0.008847256163217571,0.002300998161295533,0.0025143621941999474,0.0023711744675825107,0.002697995425281726,0.026004847829955383,0.13573007111091276,0.012969908960479238,0.01017179727522729,0.012950706136444296,0.025144818482873636,0.029682340365363272,0.03364970846884327,0.00922321128826637,0.002690340907713967,0.0012880535737270662,0.009523598814835747,0.005305657070652784,0.014287262517237082,0.04427160875798489,0.017431913404892602,0.002416653733701127,0.002925803151277027,0.00931390640329668,0.009230714824021874,0.0027243531652643054,0.006099531353826419,0.0596497552173378,0.003091038828029402,0.006025342415529178,0.003656797614590451,0.0006556543387580363,0.016821676958346743,0.014751125801264546,0.008312594423711255,0.03737134946781775,0.014835405390720886,0.04200429716204125,0.01881269173774679,0.00551191164234614,0.0031328381627757636,0.03301507234020756,0.0056675092128939146,0.014155375599049764,0.005686527414606712,0.03992771223910002,0.012911688050877362,0.03340491999463607,0.0076445947186668415,0.003920363100068994,0.10413892906714099,0.08265172298001702,0.023522904374390773,0.0390608809010628,0.06826431636929262,0.038339865754840025,0.04718817088121872,0.11951525773751295,0.015259874336097568,0.013867017458263136,0.06031597628054224,0.03585720423458213,0.019893970413203392,0.007021035228515869,0.007751542204797555,0.01926917273202315,0.04926358879885251,0.010453569485238054,0.04682059074132453,0.013806840292938707,0.02269876354425036,0.017785110624878947,0.031047840900698273,0.010805555847109424,0.0575919522115756,0.0015505671925480965
