,0,0,0,0,0,0,0,0,0,0,0,0,0,0,0,0,0,0,0,0,0,0,0,0,0,0,0,0,0,0,0,0,0,0,0,0,0,0,0,0,0,0,0,0,0,0,0,0,0,0,0,0,0,0,0,0,0,0,0,0,0,0,0,0,0,0,0,0,0,0,0,0,0,0,0,0,0
sector_id,1,2,3,4,5,6,7,9,10,11,12,13,14,15,16,17,18,19,20,21,22,23,24,25,26,27,28,29,30,31,32,33,34,35,36,37,38,39,40,41,42,43,44,45,46,47,48,49,50,51,52,53,54,55,56,57,58,59,61,63,64,65,66,67,68,69,70,71,72,73,74,75,76,77,78,79,80
year,,,,,,,,,,,,,,,,,,,,,,,,,,,,,,,,,,,,,,,,,,,,,,,,,,,,,,,,,,,,,,,,,,,,,,,,,,,,,
1960-01-01,0.2713135786863558,0.2385266131868795,0.19754710798952885,0.2307507844327575,0.21807028513816898,0.23421965316562385,0.11365572918521691,0.226226392654759,0.21938397615190683,0.25140200040420374,0.2306333156795738,0.23730416181043723,0.2342819112526711,0.24415772776836633,1.3256845545547542,0.2534410563937327,0.5967843852155301,0.2914292960081077,0.6093431877158068,0.4625351777081127,0.26495867556944963,0.2540713997949208,0.23971304024789056,0.2468872686016019,0.42398012982738115,0.32742340203344633,0.31828118604708505,0.24251094692721578,0.2817686136223743,0.21131492066760502,0.29378224156786836,0.3328416478949025,0.2504723353371668,0.23448133078348277,0.20754679103931317,0.2334935219475433,0.2254524972733544,0.21842743338071385,0.14241771345169277,0.24679901408878033,0.21330357263082816,0.21399451312608403,0.2131312376663737,0.188890573315455,0.19589241415158096,0.20249331884182242,0.2839898524050816,0.22995760326969963,0.17890520344454017,0.1377897065243509,0.18268205932385237,0.22138972870203874,0.19677296035840347,0.19541855017111764,0.25142829033669234,0.16576988692084046,0.16972385167840282,0.1736744172228691,0.1948142783247355,0.20045197023490977,0.19919243970987704,0.22036375458454918,0.41245161056404744,0.2177484768558652,0.2986727243244162,0.19013582473828056,0.2009701493350166,0.16120417375029797,0.19647217845733256,0.20998206261945987,0.2157572444955785,0.18964260434899288,0.20019556640777464,0.19353775354587122,0.2160359922248092,0.19512044918750604,
1961-01-01,0.2737833240749115,0.2406503560623787,0.19930219654576287,0.2315683888218693,0.21835061511221154,0.23289917768782406,0.1139290970971803,0.22595389039855424,0.21644339009128272,0.24883939311126052,0.23015839621755985,0.23608093294311283,0.2328913868297473,0.24340461471896907,1.3255027337873233,0.25253121325670896,0.5974745236877056,0.29029386637575805,0.6105575836637054,0.46234130972630827,0.2641401053067593,0.2550326352016682,0.23979214119775763,0.2465412531280205,0.424572939778513,0.3265028488455903,0.31781325413731504,0.24152317314799268,0.28422143251774423,0.21277130778572562,0.2901568538800173,0.32799200685146707,0.25174133899,0.2311633569366934,0.2069928234765639,0.2317818977868095,0.22521837779743134,0.21772939388469487,0.14302829609943304,0.2453613001644675,0.21329040546874614,0.2153649491174858,0.2142994520661901,0.1903835322493227,0.19712891722749332,0.204202723451263,0.2867425118784842,0.23330095232021641,0.17908511571775615,0.13920076478830615,0.18408043823736894,0.2236186607907223,0.19909568963741453,0.19774675803645872,0.25453412535942704,0.1678159279683194,0.17395012970606025,0.1773353884555741,0.1976625451079712,0.2023586762108331,0.20158346940423966,0.2228233294092045,0.4169299566424094,0.21949097504493997,0.30077273266804366,0.19566407297673818,0.2036266776676492,0.1655121568679154,0.19893344570399224,0.2120360494208136,0.21665000893516642,0.19311717817747223,0.20244069620543492,0.19571053397600013,0.21869240090052783,0.1978679301313593,
1962-01-01,0.28009127114945126,0.24582383075348407,0.20343770873757971,0.23304936335278995,0.2198088555405511,0.23235126914721874,0.1149997070150801,0.2277433422647454,0.21970986022849578,0.25132666899217954,0.23225731222774806,0.2364681644283996,0.23332253566511693,0.24413836955685858,1.325591737882672,0.2527205150990381,0.5956168818773344,0.29042304105785954,0.6090758897268223,0.4621776290230036,0.2656396219466923,0.25565723008288127,0.24048850732871957,0.2468905597482282,0.42514317523643447,0.32757638186678967,0.3183741079477557,0.24561241664352576,0.2900393712017095,0.21715772498786773,0.29373174533199214,0.3326270033367974,0.2540620466244586,0.23320940143104024,0.2098883854496282,0.2345014192130675,0.22567486987596205,0.21850725620908384,0.14389106964397191,0.246063859597112,0.21435401578859817,0.218163893386599,0.2196352023960664,0.19244383922742078,0.199727065169777,0.20729647602053256,0.28964199328367485,0.2370112116611381,0.17905589559704546,0.14009771431040455,0.18567533417323864,0.22729047877441177,0.20266739254300875,0.20127718032393752,0.2578109198178854,0.17318091931847637,0.18110039160483737,0.1813179826080302,0.2014148894684453,0.20647048084779066,0.20480426322856388,0.22685153864597557,0.4229099314637406,0.2224753981154697,0.3029420124969528,0.20044774357721343,0.2073856244985352,0.1696169485908991,0.20181723986290415,0.21473894885030537,0.2183388437872817,0.19677923706567427,0.20558626280056505,0.19899796875759954,0.22255470527935023,0.20210409031620266,
1963-01-01,0.2794989970025748,0.24563345209932294,0.2041151855801338,0.23456281339167295,0.22010317908052718,0.23143488395228637,0.1145377077113607,0.2283585416930442,0.2214062081182561,0.25234920852291554,0.2309987799329188,0.23547596917337274,0.23259127086636536,0.24422900183396903,1.3269912596278637,0.2524598046056177,0.5957613161503926,0.29022459786344684,0.6096254871671201,0.4624170948037079,0.2652404725892135,0.2555793982762573,0.24066299342244646,0.24719468758541843,0.42576606121744126,0.3280961565157495,0.3183950540826524,0.2464215701297282,0.28906804828613775,0.2172769635054321,0.29408574030818224,0.3347238594203805,0.2513917565403932,0.23235018949711292,0.2120195044081339,0.23538843741726415,0.22615944994492423,0.21996112191034664,0.14315361648311153,0.24546828497882864,0.2134440653420372,0.21793424769128114,0.2168624216381939,0.19560118988302802,0.200789884257089,0.2076757925387387,0.2935686402604188,0.24127765176530627,0.17834194454568056,0.13955765152085203,0.18550312031100805,0.23034067059570226,0.2057093412880382,0.20425921310651882,0.25916485212555646,0.18030447766982577,0.19346663339158723,0.18527743036574126,0.20505288878281747,0.21064688442533158,0.2075815385703267,0.23089434368607883,0.429115232037776,0.22550582169894062,0.30546570839122283,0.20532538494909405,0.2107429216057669,0.17337761872598728,0.20490375832718097,0.21727677148785848,0.22097661602786145,0.20082364293035285,0.20856604071423587,0.2026355092300513,0.22621078049781765,0.20560746442450883,
1964-01-01,0.2796133973303925,0.2460131334511786,0.20542082496460326,0.23926872964519652,0.2222092224447983,0.24173247595676609,0.11415500755139357,0.2314485871784946,0.2250538484659825,0.2561949953125761,0.23268638466934768,0.24074002420146887,0.2373986750286569,0.2484172132321922,1.3357313356896383,0.2551169533900163,0.5933980246045834,0.29296347396296585,0.6083029146430554,0.4641296946558751,0.26864911759215954,0.2588423231999254,0.24418727026399764,0.25081506327738334,0.42756300829824695,0.33065061386340644,0.32007028223959494,0.25152643863333585,0.29027044272716834,0.21875671464455967,0.2962695299155071,0.33951619765602303,0.25651930072952955,0.23403132605274274,0.21471896313308828,0.23719151626147722,0.22660175886651404,0.2207737519893375,0.14216138808587697,0.24586603179059707,0.21370994767395687,0.21922075163075477,0.21831602308462608,0.19773914558297284,0.20128903868175768,0.2094159673166497,0.29718147557098357,0.24620124394180884,0.18352506071599856,0.13840077918796842,0.18559698738162186,0.2339025023370413,0.2090984550521377,0.20774834284145205,0.26136301079056773,0.18314618755219655,0.19411277457377213,0.18727310349291484,0.2081742742781201,0.21281325660018208,0.2107008909912059,0.2341449463511572,0.4340876358558147,0.22811484715457075,0.30879138052894856,0.2135579614427061,0.2146170682636978,0.17775248833524812,0.20862342304551917,0.21997803894158957,0.22383432927256855,0.20514116145217626,0.2115868144746631,0.20606047726682797,0.22916004330722572,0.2095281561393261,
1965-01-01,0.2880165232756286,0.252684360959508,0.2110163086036299,0.24530465253191136,0.2252158045797384,0.23607571896942633,0.11456799678204836,0.23473049791392778,0.22840945202496238,0.25986327034181766,0.23571189861336245,0.24620018854746806,0.24285766554316993,0.25273810099251626,1.3523446774324648,0.2581576196944138,0.5934686139166805,0.2962682146284457,0.609022684246527,0.4674529724323547,0.27232269337612175,0.26264110153243303,0.24771271906772288,0.25451374853158637,0.43092711897135644,0.33453092729757156,0.3230674318914366,0.25504401825697326,0.2990064719887321,0.22407458072960754,0.29969334266078623,0.3426971591042894,0.2624454486428823,0.2371587053418743,0.21807391553354924,0.24049628694362965,0.22967364524206052,0.2247663507995757,0.14352997816338864,0.24799360916341065,0.21687533521483743,0.2243631737008225,0.226770849442717,0.20223226695540772,0.2060631672889011,0.21397807362489052,0.2994085601618972,0.2509922219951281,0.18023811388857475,0.13903322635417406,0.18800663148700886,0.23804129770450494,0.213085961095376,0.2118644135520154,0.2676254090357165,0.186759979135549,0.19759219112119178,0.19181120856020606,0.2113336704730713,0.21641850156653614,0.21385165981011092,0.23856316703079158,0.4402313786820026,0.23079728277899964,0.3118538890631857,0.2221807550520345,0.21854429925737584,0.1817348646649716,0.21190395922516697,0.22319859590490743,0.2262723404979929,0.20921981405582904,0.2146066205641358,0.20953911655859644,0.23325486227119854,0.21353442988271065,
1966-01-01,0.30515680009364077,0.2663319922660349,0.2219449977340755,0.24972280809856404,0.23029301963196758,0.24137478084677602,0.11693592756598478,0.2409795667324851,0.2373252547228532,0.26668587698547486,0.23922650842838888,0.251151451818415,0.2484732666760801,0.2589372720931913,1.3735921936341209,0.2639523494268475,0.606763971793208,0.30312110212047333,0.6232947622445477,0.47881093840582256,0.2787940425116369,0.2699162772634208,0.2542123541715323,0.2599615291814548,0.4424100093474793,0.3426321494474634,0.3310144308157365,0.2622155987795548,0.31681469677374524,0.2352231512655506,0.30555055995311775,0.3471297854175221,0.27581094472765894,0.24300691249363543,0.22437274510387142,0.24687014051019815,0.23371731676823826,0.22890225768296288,0.14629004103407325,0.25265821378040576,0.22078010804769058,0.22998931282579452,0.23175852555644721,0.20954743570829623,0.21155976598509646,0.219211455699316,0.3033574810563523,0.25752464445192247,0.1837755191790761,0.1403954995274058,0.19236000957559676,0.24526675433352513,0.21954111277657715,0.2184441689006456,0.27908475324688325,0.19682534820824404,0.21193715492414353,0.20120557529584393,0.21846492654535432,0.22419946903223073,0.2200624018735985,0.2457707542391235,0.4528131111159834,0.23800242960190354,0.3200634104524015,0.2335393580951123,0.22558226457477706,0.1886152042918929,0.21848190522885672,0.22960787298285523,0.23277593669103178,0.2156225350090478,0.2216672168780048,0.2164442690356203,0.24021392267162817,0.2204024040901818,
1967-01-01,0.3000861568277591,0.263338221762273,0.2219460699940014,0.2524847489644543,0.23538053270372483,0.24676000528505376,0.1192000840730372,0.24595591478045015,0.23787923602114827,0.2696725942217907,0.2439559552157237,0.2553844711688552,0.25310656457938757,0.26521467189727715,1.400939034860114,0.26984836361157855,0.6169754469825387,0.3099654962985891,0.635692305365788,0.48838437990115785,0.28495913608603174,0.27811943419901397,0.26074218909789637,0.26684255860359934,0.45228420619956355,0.3499613015549507,0.3389102474965326,0.26604580333002387,0.3109924222375945,0.2356057039878425,0.30483492452599326,0.34897427897225486,0.27280952085184246,0.2464531189211361,0.2303318265446489,0.25277849091137766,0.23635293669970564,0.23119023563055024,0.14899438638422877,0.255188430718519,0.22579783571062043,0.2360546211118516,0.2376656091555264,0.21556213145659503,0.217112797405998,0.2252472472159831,0.3106123376073338,0.2657224187097078,0.18742035366031645,0.1420483297770739,0.19603545912973425,0.25105399661072725,0.22514666419719404,0.22415334840047835,0.2804804138843841,0.20279650360496396,0.21715171319267199,0.20676652828563485,0.22491661300833776,0.22950068632795392,0.22591238309330636,0.253116047442613,0.46455599539770437,0.24390004419730466,0.3278490903784691,0.24418936205863576,0.23178493865282393,0.19809419799012257,0.22424088581448307,0.23531229198221904,0.23884824075759395,0.2226803208122118,0.2281058716686576,0.22297294490767564,0.24689971691615314,0.22675920266779967,
1968-01-01,0.3063698883581357,0.2686205430878499,0.22772145748150968,0.26227373642221863,0.2426785529252249,0.25381503945326905,0.12096463903782288,0.2566923935392885,0.25445721864689536,0.2823243909605407,0.252661040205999,0.2635598793183072,0.2607507268578021,0.274658479156469,1.455488971761016,0.27790925379553766,0.6317766219245734,0.31891377022966994,0.6507715238960081,0.5008283864651013,0.2943883953407486,0.2867094476577285,0.2696004533374868,0.2754207850719422,0.46431124043475025,0.3600046544611074,0.3460703462296239,0.27550306723789453,0.31770101586164184,0.24096498609188985,0.31416328433931606,0.36416246260142904,0.2801863375666767,0.25309453403788457,0.23675272822578686,0.25860737053728,0.24007878476393313,0.23471819899375926,0.15055775644526234,0.2598985333556412,0.23301292397499893,0.2431385918893828,0.2474782993216892,0.2213960397089664,0.22214024763630952,0.23250201408744073,0.318371593903502,0.2761693143991975,0.1917221781983314,0.14325514174293696,0.20125184165689514,0.259853869595041,0.23347267813292985,0.2325914754610667,0.2890085108970204,0.21728017306068054,0.23483706729288803,0.2183442978413429,0.23403522772170485,0.23930481699275077,0.23357436226955688,0.26216086933823857,0.4796542778422494,0.25327862331118617,0.3378882630502168,0.2592157468177667,0.2409528779075732,0.20729330846932872,0.2331099925424437,0.24279818896634042,0.24574227242652635,0.2308248064943806,0.2367740276078942,0.23144098023817516,0.25551033987810423,0.235291706106152,
1969-01-01,0.32471548248512977,0.2822820145890843,0.24144970761576634,0.27732960918364924,0.25101910664967886,0.26663733994070554,0.12524588033529435,0.26953694868322453,0.2746188092638335,0.2961097130099118,0.2623236027170759,0.27792104731997536,0.2739670371125686,0.28603454122250166,1.4816068392345856,0.288582187625198,0.6455063214514419,0.3306289198598428,0.6687741530872876,0.5174082804899699,0.3045504720400536,0.29842663328623065,0.28099607765753326,0.2876230866625256,0.4785364115529132,0.37172315291102137,0.35474522726259194,0.2867260378688547,0.33670533614691106,0.253936543023376,0.32059005191919004,0.3731628634912595,0.29313458192464514,0.2627862552807807,0.246200932749135,0.2679205863475173,0.2443569320001178,0.2397555120309417,0.1553191145362406,0.2664741751025029,0.2449437290526171,0.25372837427923073,0.26233794904883095,0.22702332703889286,0.23107495866764186,0.24382303230904914,0.32850262984316264,0.28765566809678655,0.20126022950679304,0.1472857474694889,0.20868242236805773,0.2711370151237392,0.24382653280165184,0.24309504923148573,0.30270714265784265,0.2306835378793635,0.2455233929310393,0.22659317651574276,0.24496257305422947,0.25035045845478704,0.24252281983510407,0.2733835199305271,0.49833693253310096,0.26334951707502435,0.3502870631048942,0.2738312556744173,0.2521371644661678,0.2187585383303803,0.2430059467352537,0.251722390075517,0.253480801300639,0.24095954531984234,0.24776312380952425,0.24174024690717325,0.2665876567050725,0.24569965995646775,
1970-01-01,0.33695467372951665,0.29282081644049435,0.25217883071907815,0.297534800656889,0.26165483641050663,0.2913619047678917,0.13003553697123396,0.27905396434234747,0.26919651924252264,0.3027094555605485,0.2725363356286739,0.2987177443130709,0.2934797229119059,0.3024691832897779,1.5087029319942133,0.3046667282450142,0.6653591938398845,0.34868137509707425,0.6954518133420069,0.5411377767585963,0.3192155212474891,0.31726184115483297,0.29616362498776655,0.30340029528432927,0.5005975617340446,0.38896157717329777,0.3713839684151785,0.2993227296624142,0.35123665845133867,0.2657282794200307,0.32644680648055324,0.37958741181186667,0.29899002534280567,0.270496474243728,0.2582349502450545,0.2799703113000042,0.2527218101714296,0.248073918467875,0.16078965948684798,0.2742589289401261,0.2547089790040429,0.2650571557337354,0.27258575781056915,0.23544598243711987,0.24225060432039897,0.2555111476026754,0.3409966092107865,0.30199386510890697,0.2181052956285933,0.15279302155701638,0.2174794882783606,0.2840642098198236,0.2561911671857781,0.25557582465406053,0.3169238861662666,0.24569517155015716,0.25561080122615715,0.2395191561613813,0.25782424593906056,0.2631524591499887,0.2541092779050836,0.28738417211246897,0.5190591795188484,0.2757465776769803,0.36465562992784456,0.29330601957466523,0.2657536994742667,0.2321238836129562,0.25564038654486804,0.26350007133272196,0.2640849340664257,0.2560306645932031,0.2608585653712011,0.25481635944013964,0.28034150314113904,0.2583816476061419,
1971-01-01,0.34091262515645887,0.2978628613149114,0.2606533652262015,0.302530101235517,0.2741722883641669,0.31295343235016143,0.13855356107347855,0.29371024073673685,0.29064952148721773,0.31644234357931933,0.2877102008252812,0.3061998164796781,0.3011958919795682,0.31230805986246496,1.5151537998228959,0.3148054579039145,0.6811391526222403,0.3592587556742864,0.7132479156944549,0.5568451414573649,0.3331351068365611,0.3290304478995902,0.30786708494668497,0.31481938708569657,0.5160068689437415,0.4012357192722707,0.38204355174025606,0.30978521137366444,0.35432074504211697,0.27009430702813364,0.3316283992313033,0.3865147449500558,0.30687672986663933,0.2812772553431685,0.2678820960784849,0.28872350746762393,0.26183621436857174,0.25689387453496265,0.17109760959987882,0.2824792302515329,0.27152116423399186,0.28002833124424636,0.29108764461203057,0.24668553021405848,0.2571981703174722,0.27094952258484406,0.3580358693817677,0.31715684380976816,0.23580864460134832,0.1631354794117685,0.23141962360221693,0.29743597738932864,0.26937671534468505,0.268937866712974,0.32755741564054264,0.26337848146551834,0.2809265170000826,0.25934410322482,0.27228773250169247,0.27758460661696227,0.2656804286253922,0.3003095164492337,0.5377464858708733,0.2911105738766123,0.37845911473857835,0.3084146552485953,0.27878341204326446,0.245239385811828,0.26859071388251576,0.27517074679910664,0.27600114493781974,0.27076110678870574,0.27463034467013087,0.2681081042501388,0.29301666661562,0.2709029737258412,
1972-01-01,0.37793730869973435,0.32319011024364874,0.2801289331678738,0.31440371490841795,0.2835397380177009,0.32650396418386096,0.14232024298269583,0.3058722822874205,0.31287439238821824,0.33293454868687655,0.2984350149082245,0.31793402068931637,0.3124735156015802,0.32244254087259183,1.5247317163250669,0.32521662413640184,0.6995491194795559,0.37061900356731536,0.734205468308033,0.5746379341445199,0.3449399166101831,0.3392872493702639,0.31848218179479304,0.32820232029598057,0.5308847845191207,0.41469489878439064,0.391528588610499,0.32225024397060037,0.3910640954631562,0.2916387529204114,0.35071863598693415,0.40793418043561996,0.3311851847469474,0.2921830977244281,0.2776749892465115,0.29775770012473723,0.26866108457675886,0.2642642406279662,0.17580559064545992,0.29026392446120863,0.2786263852856063,0.29042551130930383,0.30662407795946833,0.25546231194736124,0.2669254667595521,0.2825923901082183,0.37547115232705225,0.33104827886517607,0.24724630594191588,0.17048127342443925,0.24148679810389498,0.3109176660952968,0.28198143915073437,0.2816956743695993,0.3440191492142909,0.28076871370480644,0.3024999841886297,0.2767212337234823,0.2853022356591564,0.29211634823763344,0.27577167000675695,0.3123545267867787,0.5551728920738782,0.3033120157689547,0.3917815460031537,0.3193408084867932,0.29084540530389114,0.25494813013045375,0.2802250936295991,0.2852646627826943,0.2857570799624115,0.28333494620936206,0.2868785992182784,0.2801011685474772,0.3043221921598199,0.2815718077775759,
1973-01-01,0.46382922323366593,0.37919535765908335,0.32654562159669975,0.34026307182364635,0.3024217772211824,0.35022005158132324,0.16212079403724863,0.32865695135722267,0.36172135310629866,0.363021748676445,0.31557692027911394,0.3404449998190289,0.3330811815034296,0.340398956947616,1.5813988145595892,0.3433931923826868,0.7240800180643614,0.3907724873035636,0.759727879292475,0.6007093117096606,0.3602171979391194,0.35570942155274576,0.33626832956222186,0.34541706317413695,0.5543034722106552,0.4386360483681296,0.41340107299734014,0.3460290930604272,0.4806348782245629,0.33621668935096083,0.389353323306623,0.44385238775842395,0.3633923811432523,0.3153500148873683,0.29446319717569647,0.31611610880467866,0.2868200501082505,0.2797479972879179,0.20111133284045232,0.3103705018947511,0.29976027147222595,0.31386744770872665,0.3264899290129632,0.271717775056726,0.2948673028451316,0.30135308084967644,0.39341278292066817,0.3471554914569583,0.2713662651978673,0.19088306017806175,0.2601349830918512,0.33402108434795735,0.3018136973039105,0.30150928437892754,0.3908026209183622,0.2959475919380759,0.31197520890912106,0.2873659073558824,0.30231434151656983,0.312019648469472,0.29236730832928814,0.3306595752119481,0.5839824627199846,0.31917818663608866,0.41062861260229816,0.3368021686922039,0.3107312097045039,0.2685849322670894,0.3004553515478153,0.30276767644876373,0.3024797870604963,0.30109646594025785,0.3045136107832533,0.2990866444543324,0.32349657806389187,0.2987427183838996,
1974-01-01,0.5129875316509103,0.4272804212635356,0.3721326585075236,0.39661840847860147,0.36235805330673976,0.47256356231149593,0.28249049208180793,0.3768042890284127,0.39213277919358497,0.41947103407189157,0.3687321002723443,0.4222665848229621,0.416403190808456,0.40485101055380696,1.6571339594549408,0.4089607828504099,0.800245184594189,0.46244411007870934,0.8390404769293478,0.6881979542185377,0.4128071207575378,0.40194483084666566,0.39134301852824455,0.405390642350356,0.6216854530732009,0.5062065777921031,0.47065837959878143,0.40882487478013707,0.5343445790047103,0.370743008878465,0.45878376378507024,0.5058599708008863,0.4106584264138625,0.3757357145189607,0.3362101163345422,0.3716175556911613,0.35703082104790496,0.3212647661655991,0.33671056301158026,0.37618849363790835,0.3613055983846221,0.3729056658643912,0.37021069619434654,0.3179334634229423,0.3656063590047683,0.3426126646976749,0.42333027187716976,0.3734590840044894,0.38848783414336313,0.29291405965715744,0.31478299817704924,0.37045713665858593,0.3325281555025961,0.3321879505739063,0.4395124114586562,0.32012405882965544,0.3337222263770144,0.30124067067726823,0.32682639701160215,0.347386998765337,0.32516471398968594,0.36292040813794624,0.6285547209038629,0.35955591578120505,0.45608408944509454,0.36458379672263697,0.34013915126947497,0.2961260956243758,0.3366942526843912,0.3391038351190998,0.34285053842907415,0.3274517123214379,0.33557706323916153,0.331891544679237,0.35713716301728415,0.32449258339303927,
1975-01-01,0.5307208068377501,0.45646392367021454,0.39940386967909425,0.465455853000509,0.41787950115474,0.5493040951004593,0.32513638649030185,0.4153418768358281,0.40444652104829915,0.44830992432496636,0.4216885939159259,0.473070123753346,0.46140167545999605,0.45482126139260537,1.7588170601154545,0.45660806547729405,0.8726733425485385,0.5151839181173677,0.9152031746850822,0.7579454699698511,0.4648571111987728,0.45079886513354034,0.4395610600117723,0.4598432373621473,0.6833787846326974,0.5562958059921179,0.5234951656099193,0.4481590148622341,0.5553597623755779,0.39483726733542623,0.48736329868028483,0.5128759036711329,0.4391299437289712,0.4200909501624085,0.3747067816839507,0.41672947111548586,0.4144428531943093,0.3571345332283722,0.38845482877095644,0.4261514057747021,0.40454483676174186,0.41317739055197145,0.40154465273097156,0.3526609542309717,0.40357229786130006,0.3745876202340709,0.4519388842021917,0.400869362029362,0.4534682945661214,0.3520939813450051,0.3523932616712523,0.40452397588823746,0.3651556741378218,0.36478459821597997,0.47453937172584687,0.3542981650687927,0.3738034243899315,0.3141523514933174,0.35413817908792755,0.3838584953439772,0.3581987391038374,0.39662859963700053,0.6801392608673963,0.4011485530324177,0.5054127709845042,0.3961804511755972,0.3708257065219007,0.3274330042358699,0.3707840468531244,0.3743007529012377,0.38161808375511824,0.3557176290387522,0.3668189597762304,0.3633488115224923,0.3898980323662783,0.3560494458493678,
1976-01-01,0.5465013763151619,0.4762904577604787,0.42098355003873067,0.5007096242135909,0.44376907405573285,0.5716639058683973,0.35512541453405605,0.4411788224184237,0.4483540706011859,0.47826364311967884,0.44679717607288516,0.4983264010302512,0.4826326536695884,0.47799040483232713,1.777116424614858,0.4794883446671438,0.8960588134348485,0.5402084522276561,0.9448650474228265,0.7878572836761284,0.48824031190193556,0.48184342668851965,0.4639578239036774,0.48167133008274854,0.7123763524266277,0.584010713417216,0.5494587833942414,0.4722105707691703,0.5678244463677756,0.4150646008559655,0.5130967855377482,0.5460547548180753,0.461896464909007,0.4451178591136692,0.3980683359332363,0.4385401930090665,0.4363584836263646,0.37601458071059735,0.42447503278449406,0.44914118855502905,0.4320556330021362,0.4382764402761662,0.4195875341801072,0.37150429416960223,0.42973617987546303,0.4004802785308798,0.473944577652543,0.4213566503711923,0.4832244342048881,0.4029142742919871,0.37912743462651227,0.43008463623821075,0.3882783479279976,0.387887650717314,0.48173482610010054,0.3791844925929739,0.40357190045129987,0.3394447166755812,0.377803109530745,0.4085468872211247,0.3827406852761104,0.4223936611111824,0.7154772102436717,0.42482424562528603,0.5292601903520596,0.4166463574279086,0.3934795299612553,0.35392322323711767,0.3924481034003628,0.39665981722129706,0.40482796010244615,0.3815948398916066,0.38937630090860614,0.3862729402292687,0.41382552985063253,0.3800827867240268,
1977-01-01,0.558938209831645,0.49329081113428386,0.4474431358522518,0.5343606487267464,0.47731628072125315,0.601180320898629,0.3970245196186502,0.47635863910071274,0.5028719696678019,0.513618099198236,0.48026276233718596,0.5338043659633481,0.5172935013768023,0.5111776938280416,1.7813647294992552,0.5123357928427459,0.9185088723333578,0.5729984081759386,0.9755537652378891,0.8265302809661628,0.5203860484125675,0.5185856429046873,0.5023920805185804,0.5172468253698675,0.7467271246237169,0.6177620738847197,0.5767764249164455,0.5043499752801858,0.582616292639734,0.4317543893410415,0.5330324303660714,0.5709080573867179,0.49316043529703374,0.47229963478840753,0.4228911239378097,0.46145963985239197,0.4635593183871297,0.4012623587978425,0.4759986138955225,0.4765645379664316,0.4695497079841827,0.4736679291450793,0.4652956958386262,0.39456810470357884,0.4663217789811617,0.43355989912044063,0.49190370381399445,0.4408687991580819,0.522421023655037,0.4661035182905626,0.436291280651336,0.45914532344856906,0.4196995461828367,0.4190314461969988,0.5076603245417832,0.4044823833812416,0.422499278100572,0.37512539354816904,0.4076753511942606,0.4379569438757749,0.4117131532282272,0.45061445937937133,0.7484168638305538,0.45536760392187076,0.5588558879271099,0.43981777942513395,0.4203828017759879,0.38201985682446266,0.4212860094849852,0.42324218985540607,0.43026138108561257,0.4106367004105765,0.41741016507086115,0.4142676925129746,0.43916452284436647,0.4066548104113943,
1978-01-01,0.6233584521735789,0.5353711132523472,0.4837111683928591,0.5814723792069888,0.5139164822735169,0.6519052183196643,0.4287566727684002,0.5174648793415454,0.5609426817705913,0.5553265704229425,0.5197262797507424,0.5769980741534082,0.5574903073305791,0.5511065301701785,1.82545028972376,0.5508026148662117,0.969315666805764,0.6134840398543657,1.0284879155653908,0.8796580909948799,0.5587483625192379,0.5522825913646207,0.5421526573476081,0.5575309597509772,0.796380983783505,0.6573875108608465,0.6101343889161116,0.5427432907958092,0.6493406282076142,0.47667301431830644,0.5641616909978528,0.5981723767762109,0.5328387014173023,0.5031997726976912,0.44871520160943995,0.4879294827709059,0.48932612452183505,0.42778181371236956,0.515361603578001,0.5031953736092546,0.5061416033546305,0.5064020266928763,0.5064434171455403,0.42935081148795984,0.5003980650430553,0.4721312253884168,0.5169840734545664,0.4660377172989346,0.5689874064796715,0.5100202419115338,0.4711817777797268,0.49047694420260884,0.4495390937245906,0.44881953107721445,0.5494710096496964,0.45293272826882286,0.484034288415184,0.41108415731200515,0.43992423561422966,0.47679084351988804,0.4405806181646001,0.4788821977969102,0.7862408138662854,0.4904300599327098,0.5946285774292177,0.46834670970381415,0.449653636058148,0.4044421683652449,0.45262218548545474,0.4515531345963817,0.45682522560857364,0.43502490420983164,0.4489173427373944,0.4437001404236419,0.4670761288365814,0.43392942113852095,
1979-01-01,0.685399271085408,0.5914466009420197,0.5454934051649615,0.6809995477573539,0.582096717918027,0.7235374519248257,0.5438622455887929,0.5706145675549749,0.6180212721537515,0.6096485429182646,0.5800133440802954,0.6549234559665934,0.6266413683199433,0.6109845429905283,1.8800723564387603,0.6123121957521344,1.0273518778258632,0.6785797012783845,1.0895594523605974,0.9523131938364916,0.6116665966918892,0.6036409060596665,0.5959179814788216,0.6180602924686799,0.8535247525046725,0.717633125863399,0.6666415494206973,0.6055767845772843,0.7105286406816201,0.5203492574284145,0.6185559552235197,0.6384096154729573,0.6055474001159848,0.5628672443244045,0.49372939683067785,0.5425682673233836,0.5577018405489333,0.4680965071579828,0.6577428548890116,0.5653395922611882,0.5901589502590915,0.5826500108138493,0.5738421267779067,0.49519791349679326,0.5828727893592829,0.5153636963233175,0.5463448492285529,0.4966637383135908,0.6591608016773435,0.6336067042875455,0.524565630712266,0.5375622691108791,0.4912073149118218,0.490415209872989,0.6005239341921984,0.48516595459768563,0.5148392279814409,0.43187340250991774,0.47822101993160177,0.520151368066719,0.4830186153400404,0.5198982370126376,0.8367415787724929,0.5399190981521698,0.6453220715327761,0.5051318460013622,0.48890658020382655,0.4377913445285379,0.496910058211905,0.4946265047803675,0.5009164846624641,0.46614699951914995,0.4908504404931817,0.484283249513099,0.5142657123857671,0.4722456562452143,
1980-01-01,0.7621645420158173,0.6667539491389036,0.6218376911774578,0.8106965143823617,0.6933357740870971,0.8089123619565771,0.7483750978454419,0.6313273506552046,0.6395198096682164,0.6641355984434988,0.6673867660198659,0.7328332894458557,0.6918267559497585,0.6775507708128289,1.9567402940831373,0.6832703917191305,1.100170939203314,0.7547233591526451,1.1684305270446276,1.0396620072092035,0.6751942963045973,0.6674960518419936,0.6610433134185589,0.6868418122159727,0.9232054351416634,0.7929612081225622,0.7635674179368094,0.6852359354719727,0.7771568423541438,0.5740795436687401,0.7067547894361192,0.7016159713146356,0.6556380590450602,0.6381444106201402,0.5521614959154185,0.6146363289960666,0.6694258909590671,0.5273442260258865,0.9238416877948856,0.6606952927137679,0.7257777137457659,0.7128416200759864,0.6836461839934763,0.5886045858790926,0.7670001348768178,0.5866416600781111,0.5962037555351102,0.535602018681906,0.790210191695318,0.8619912922733194,0.6081783451736467,0.6045619143932395,0.547809952873287,0.5469116460930278,0.6542663247924478,0.528935440367154,0.5738628020426321,0.46892441253842976,0.5277158901370684,0.5792694398006132,0.5437717340078672,0.5769214789092963,0.898868457578987,0.6107006154190463,0.7145290792730667,0.54330524221093,0.5390072605719377,0.4862704962800538,0.5573052978703926,0.5537743982154854,0.567268189193467,0.5144958661204293,0.5466274913875545,0.5394263645141664,0.5777015421243162,0.5243835476013697,
1981-01-01,0.7747885492318521,0.7008725609271929,0.6696658677155245,0.840975138621742,0.7763494272569127,0.8880285820217705,0.9252108551631435,0.6819712828687448,0.6738490725169552,0.7118967065223107,0.7374290600841819,0.7830258973936153,0.7428626843970291,0.7318006921643202,2.0513896468126687,0.7382925826011634,1.1555822095003558,0.8117823942466312,1.2349465399081434,1.1087792122086035,0.7353936971347461,0.7378628493117668,0.7161007956322891,0.742987932392947,0.9869493704099119,0.8539844590176917,0.8209639073825991,0.7331023187108612,0.7836368474974045,0.5969596583226954,0.761356880890726,0.7594484363084655,0.702680079645461,0.6947078146092696,0.6024403562544798,0.668463110937067,0.7445221409505189,0.583338485787632,1.1403180032719185,0.7262826543423941,0.8196739928063966,0.7987527768483602,0.7676445261137786,0.6578330014548669,0.8888853596478963,0.647325227842572,0.6617207777652407,0.5788200468631142,0.9076479281731663,1.0752980862104347,0.6785168663485541,0.6621209418156125,0.6021786903972263,0.6011895021424564,0.693911762822202,0.5700754825644665,0.61730334074677,0.5047317537438684,0.5777746199305172,0.6307165756117025,0.5947222824059042,0.6278031756318146,0.9688286835140991,0.6718870349080199,0.770924605532647,0.578318830071844,0.5868162779348981,0.53342910584445,0.6102575101518349,0.6062334879496575,0.619985173828352,0.5633171630950269,0.5965469432788112,0.5889644411450651,0.634328552612329,0.5774688417904775,
1982-01-01,0.7950190408119755,0.7235252054359631,0.6856607446193246,0.8211398143981473,0.8041031276561426,0.9189794033005738,0.9432246509125113,0.7044889039712562,0.6719626175618126,0.7246412520706793,0.7636902331408917,0.7878343942670941,0.7524476254583902,0.7521383766810079,1.9984747856914213,0.754013744090991,1.1622452593254198,0.8271657441579575,1.263202205665928,1.1354363953515132,0.7606723569327457,0.7910207455181099,0.741368236193894,0.7687720862842841,1.0234602851732677,0.8766328055185084,0.8282054671941719,0.7454457296150087,0.8002449719488628,0.6414345382916145,0.7719646555366714,0.7759409929323186,0.7154577176364506,0.7087328490116319,0.6292118687167693,0.6866672773129375,0.7562620023727291,0.6086306290706105,1.1519415422984378,0.7367239500599063,0.8293270063402235,0.8113886711347906,0.7781392121854417,0.644652177410964,0.8671553306078974,0.678749144594828,0.696732746899921,0.6149220762681227,0.9484074395021027,1.1359625629571406,0.7139622019930355,0.6903415195018864,0.6415633211731641,0.6405201394957795,0.711981924898182,0.6011856957761048,0.6237643867874301,0.5380613892224925,0.6176072774020492,0.6625196016719964,0.6304066628709031,0.6609853330596711,1.0171064306582145,0.7016762802565384,0.8011996543445419,0.6098040475009705,0.6231929253615134,0.5666907939498953,0.645856848970637,0.6420309235372813,0.6473412315348709,0.600830319739182,0.6312150569276517,0.622682309636213,0.6678737769021323,0.6172730515991737,
1983-01-01,0.8039231439256211,0.7366798749876466,0.7663916698362456,0.8436429218556246,0.8090287878951213,0.9119877853578913,0.9162986543681911,0.7232688648570031,0.6918383095107562,0.7386924060873885,0.7725865248204878,0.799973975433563,0.7628950040049155,0.7648979499013006,1.8991687466273541,0.7653612292120568,1.1639358023480166,0.8378331343899603,1.2738907405083346,1.1476877681835853,0.7736951345666977,0.8207964741634077,0.754984459228207,0.7767785784474431,1.0384503088770267,0.8871220582546636,0.8365497895813855,0.7572661464432444,0.8102058698794398,0.6573584488644597,0.774656397305263,0.7874621133198635,0.7280324980325628,0.7124652548571462,0.6411174664206932,0.6910770713531875,0.753509232751668,0.6275572885159852,1.099965103396383,0.7368244600811702,0.824804199260239,0.8172984243290818,0.7757056497751214,0.6741429050869441,0.8369754002999718,0.7059126433294801,0.7520878289169903,0.6368552484018668,0.9414404023072206,1.1035855125656775,0.7374273776461862,0.7116492141201394,0.6672512817339853,0.6661655878633471,0.729881788508193,0.6540618791630632,0.6850178606557197,0.5730163464999649,0.6479113746664291,0.6879469693863334,0.6564942102604097,0.6791760591468323,1.0374314661325446,0.7205200840618352,0.817890311599543,0.637302269311753,0.6495218287240765,0.5950476676345884,0.6699557069771557,0.6686361343722925,0.6605720386816896,0.6271941406552012,0.6545458776902977,0.6417141737605578,0.6885815890429015,0.644438306436895,
1984-01-01,0.8213715725450593,0.7589123119104786,0.7835621889744807,0.8244214047051692,0.8233099549851165,0.9227821756399399,0.9244107244772891,0.7424378110996118,0.6987497823478972,0.7575921190063404,0.7923492599648455,0.8122818968127822,0.7820228866816357,0.7826346780774109,1.7813788136918798,0.7850408975131626,1.1570653983731725,0.8540389240026525,1.2673496136657452,1.151836629429897,0.7891008418438775,0.8470476612760839,0.7730925331465373,0.7878960099701088,1.0486368632490983,0.9045358217138391,0.8569985279026529,0.7749854043593658,0.8302585885931583,0.684648094949899,0.7967862247550228,0.8106281792414377,0.7525013183549737,0.7418478196639552,0.6746392363138406,0.7264414251580862,0.7716248801888254,0.6500843015839397,1.0956739933274007,0.7583241026856857,0.8367534121079343,0.8297685683687394,0.7863748182903173,0.6833666075508751,0.8380166923574324,0.7348737997574328,0.7866483036441146,0.6732930936487659,0.9505913873081807,1.1012844387875764,0.7556035639443798,0.7382655171567111,0.6969157710325565,0.6963934310603209,0.7562268367043566,0.6748020250547365,0.6942732052090791,0.5994894452979621,0.6774590753134443,0.7152226600908128,0.6841469700683147,0.7088068811216123,1.0476676876256934,0.7427129104777499,0.8343891548302046,0.6681274943781986,0.679855780405901,0.6262550045899288,0.6990101586007244,0.6963894385516264,0.687616851395493,0.6602619161835541,0.6817286612473611,0.6710001161902719,0.7190180386103576,0.6754141672702276,
1985-01-01,0.8006182505232088,0.7554431149345544,0.7803439245451613,0.8027010025384411,0.8298879792721449,0.9263766932843321,0.9094931637667802,0.7538288068161939,0.7008390921181055,0.7630367014893363,0.8041635922214859,0.8069447586026194,0.7803679570879288,0.7868357870904488,1.6914735122093516,0.7910618182646364,1.1350899800158305,0.8545253170143078,1.246384050939942,1.1403151040679342,0.7968281433553004,0.8529833005074544,0.7801628198717885,0.789802119078871,1.046974959606445,0.9072105503096694,0.860149435075298,0.7787423014555838,0.803838351168349,0.6884796871119507,0.7940820527551128,0.8198351123260692,0.7571687031592623,0.7455494714295722,0.6947719297709968,0.7361388079859253,0.7739603402645117,0.6757287682044917,1.0525799465559698,0.7636514615777669,0.8372234332300353,0.8346528064681316,0.7982164926562031,0.7087039621637118,0.8327952729231499,0.754981543726578,0.8116436139044945,0.7020150809168251,0.9460623175513095,1.0580902971878936,0.7658669713680136,0.7572010105072654,0.7212557238470474,0.7213184448931393,0.7595344575078664,0.7114750254092078,0.736345063667065,0.6263779257358815,0.7038082982664119,0.7357243348009517,0.7076355014137804,0.7316689908836145,1.05424848606103,0.7621940605846919,0.8435250930412276,0.6949217844966098,0.7023214635929574,0.702730973049771,0.7202564584347001,0.7178545042062298,0.7101265991273102,0.6921824364584278,0.706742604953571,0.6944811533640314,0.7382745186996745,0.7021534132026289,
1986-01-01,0.776217576492821,0.7482032243070165,0.7563946987341227,0.7823012111560899,0.7967554523015591,0.8946630694777679,0.758195562241531,0.7541856848781299,0.7158746038541466,0.7631846286510301,0.7986918268545745,0.8028248685683731,0.7812988699358491,0.7902477858523134,1.6242944936536992,0.7929545540026574,1.136277211279138,0.8519970320665732,1.2222114261401633,1.1242244935739902,0.8087131916977833,0.8474372653742259,0.7846172248168691,0.7945888141456434,1.039102654209376,0.9042912868120038,0.8607249735431848,0.7791934464022455,0.7907369805488182,0.6950778406023949,0.7864121724252656,0.8261000270404106,0.7671293886760685,0.7446733800707916,0.7105347403701947,0.743926588533856,0.7497088583366037,0.6958907715192459,0.7836528565539926,0.758828094080245,0.7891614204406572,0.7784091216496026,0.7748447951036306,0.7219972939050441,0.788219374656678,0.7679365650585604,0.8464751751176073,0.7269503723755816,0.8740469816012117,0.8024776728716021,0.7501646524727236,0.7656056639766684,0.737861596695883,0.7384439499398959,0.76900192990392,0.7454598523730865,0.7884164960285991,0.6334765260253367,0.7251865279741924,0.7519830338332831,0.7253973367860342,0.7459194265642825,1.0606201870168275,0.7693578456542568,0.847765577894419,0.7145065040276009,0.7209792967624528,0.723455853690039,0.7356322487596147,0.7344939360295828,0.7232360212315784,0.7198649391890877,0.7309811289211852,0.7163355817394536,0.7555725012709944,0.7271254940924085,
1987-01-01,0.8049309254859617,0.7796983825213275,0.7770441786242211,0.8361764152520905,0.8145088515315166,0.9010949958348108,0.7808806679792188,0.7752994572422143,0.7399440420245643,0.7891945114930644,0.8156085591126606,0.83685903551265,0.8130995554121261,0.8170754052299194,1.5639224653532497,0.8192558150191144,1.128527056206529,0.8757691678934958,1.2225570338647378,1.1298763854815717,0.8336259427189823,0.8569094756563003,0.8090728750410031,0.8181738787129195,1.049332163840416,0.9239114879153156,0.8863319764004787,0.8097638959218019,0.818947534456426,0.7303362717108871,0.8098303227072404,0.8486913914638614,0.7977434833621975,0.7747090927910117,0.7413415173254171,0.7755968732086321,0.7704409738746693,0.7267584885439213,0.804595556375765,0.7786709528621828,0.8073264381522453,0.8045892599961322,0.7959797779253853,0.7354758695862603,0.8100549822183618,0.7905153155379502,0.8581646087397956,0.7552650600803903,0.8760437290037089,0.8095453372478568,0.7710943994963674,0.7903526393106884,0.7631784994429337,0.7644591400908654,0.7900148188958025,0.7774933219376965,0.8225985304363443,0.656135521481604,0.7508077784696662,0.7752878442335983,0.7505742452766284,0.772055809848137,1.0604968425572088,0.7937566795492683,0.8676662418531058,0.742985990079818,0.7461002602655807,0.7537355151696157,0.7599021944750206,0.7603006029499031,0.7495950323093613,0.7502052486116922,0.7587895663099661,0.7397570398459086,0.7796216663752191,0.753499574497374,
1988-01-01,0.8655225922244051,0.841380305943558,0.814034661175436,0.9110191299285514,0.8402285263491854,0.9116039616119185,0.7791890552904209,0.8124162188575007,0.7805994515540606,0.8368531852643863,0.8460479791201334,0.9114576305875011,0.8922510003658719,0.8732533386879928,1.5842773899839373,0.8759108926910141,1.1749249511454445,0.9334953349301253,1.2713420807904499,1.1828868883106483,0.8741108967837938,0.8859918257576846,0.8543458188690543,0.8698397702414716,1.0936126740046739,0.9687979548766965,0.9339748950159755,0.8657573277129273,0.8867735243738167,0.7949743265148593,0.8668798392764521,0.8903847743265754,0.8512941232383058,0.8294628540615715,0.7866115205701556,0.8289042283686923,0.8243065543672324,0.7737886917233653,0.7756349874146049,0.8367661828290165,0.8357480654896761,0.8250913829400157,0.8260415188315595,0.757918682656336,0.8435051336980207,0.8182484479184834,0.8825407965777882,0.7874130727173717,0.8762765286625438,0.7779330852455308,0.7980383007659716,0.8282784986510016,0.7971979778072107,0.7979346706085381,0.8272087893004526,0.8080097093879572,0.8500321081196548,0.7006164109182916,0.7832694721402793,0.8080637790631475,0.7871629319657436,0.8081699166097489,1.086306052589937,0.8241720834948478,0.9043853407208248,0.7763671782006675,0.7814012853485014,0.7828772819367952,0.7949134873478446,0.7992020412205239,0.7902709215378592,0.7835971670764166,0.7918745271234919,0.7758909335999653,0.8185213739650304,0.7911453102451806,
1989-01-01,0.8881576964116895,0.8651914567145738,0.8458183763224195,0.9357018347720503,0.8750037595023383,0.9341614918349391,0.8365248572187288,0.8450084545499696,0.8025220282408566,0.8676201175768838,0.877017964635799,0.941462199459453,0.926243621942688,0.9039476405758636,1.562104247898723,0.9055976649459585,1.1911188549781755,0.9621652455127957,1.2865974442661843,1.2048221011911548,0.9005112943353,0.9173980866089714,0.885135166926342,0.9014565037702021,1.1169188005157793,0.9945389429980177,0.9626333407469444,0.8966496460841769,0.904508331869461,0.8313349870925988,0.8947060369856071,0.9108657761610195,0.8819958997609656,0.868978438476327,0.8222457609265349,0.8677645141530899,0.8630054536870935,0.8075078609045251,0.8502211726238931,0.8711581780619847,0.8715816108014102,0.8607814916278826,0.863874394277756,0.8127541585735986,0.8757282390624291,0.845084661466627,0.8981504213846471,0.8229084409007633,0.9080677073345859,0.8476644305439053,0.8323585078937077,0.8544850614349991,0.8264004973920293,0.8266113342270306,0.8569655941992198,0.8304678976013148,0.8660173770283812,0.7400356991067182,0.8128974056898457,0.8354475023755545,0.8185833821351776,0.8376277969365172,1.1001553204051058,0.8514757441265315,0.9362844760430691,0.8131261211304521,0.8115750669008589,0.8129174595248676,0.8271238088011281,0.831805729777957,0.8240838947705805,0.8162735700908105,0.8224063382848604,0.8077522352993207,0.8488662771238872,0.818104525139926,
1990-01-01,0.9095273226237338,0.886204216676354,0.8806353753095765,0.9484852328212472,0.9131579691854683,0.9626439662179449,0.8975084555969266,0.8740078107739225,0.8199984073724802,0.885409237907309,0.9012479331460876,0.9409744807087707,0.9247897665133445,0.9177376022886875,1.5235203060634672,0.919933206504837,1.1831560029768842,0.9724411929553473,1.2695624432330423,1.197955846140988,0.9170430525593829,0.9384161145958918,0.9056836910252994,0.9149331363733599,1.1186067872347905,1.0094252154916519,0.9760411614589004,0.9147390799113175,0.9191362434295209,0.8721830736619507,0.9075552969182874,0.936011229875943,0.911379634922186,0.8815048256460474,0.8490411637028511,0.8813731213187769,0.8826706802032181,0.8484684763216747,0.9358607017665272,0.8837811448928363,0.9196411883850982,0.9174370617387804,0.9147453593144296,0.8649740852397099,0.9354184366382353,0.8778211534135403,0.9235698016163196,0.8621546134709431,0.9431773815991148,0.9192039856472018,0.872175279995364,0.88796999741801,0.8607390074988281,0.8603759831509843,0.8884250827104153,0.859617896463287,0.8890504650074015,0.7871848298081346,0.8479035035566782,0.8676225126864304,0.8539709461365881,0.8724454430249975,1.1135652135273155,0.8822884559746245,0.961692660495637,0.85376443802668,0.8488593609199752,0.8471612179988237,0.8619853324713422,0.8642590371774104,0.855649263764851,0.8510872890017752,0.8553105973365119,0.8417596586463154,0.8815095585136107,0.8560392012654634,
1991-01-01,0.9084951373661252,0.8957231010397242,0.8820645535441368,0.9171491497093097,0.9178141654005214,0.9673415326631383,0.8738375092334186,0.8862906003269246,0.8269328047386996,0.8931714672086271,0.9071418112100473,0.9287623996897288,0.9170760750501737,0.9221905248897134,1.469654950985721,0.9240498368564077,1.171405560007602,0.9738644714833027,1.2553543694479692,1.1901659412484076,0.9316356910127886,0.9536685510694871,0.918412688307482,0.9205137941976508,1.1184161261266254,1.0150391655924607,0.9800757005670413,0.9214509684530492,0.915837324078249,0.9034509516871648,0.9181434708636343,0.9499130060433563,0.9199243653017308,0.8821897040957779,0.866410854957724,0.8827603825961621,0.8904077009811479,0.8776173839492508,0.8761004604160528,0.8954572250426435,0.9173256650373197,0.916135341092322,0.9092336949219306,0.8973954916214323,0.9333627034765701,0.8962326092729054,0.941509990388097,0.8918804938389968,0.9385086373770587,0.8679906870198737,0.8870062451890635,0.9043760392804213,0.8825205917685272,0.8815285847605758,0.9008949139337881,0.8868426844388271,0.9159151565722068,0.8212418114207485,0.8718102120102473,0.887991743288426,0.878458455475326,0.8911895511298862,1.1158657599449997,0.9014323025833479,0.9729140016777532,0.8848467946575899,0.8754453426142629,0.8767395191100295,0.8853617621315896,0.8892686734286755,0.8804440017470351,0.8804898524521502,0.8775106132738132,0.8647991155579025,0.9037982473039907,0.8806360671388143,
1992-01-01,0.9048426586965125,0.9001065929685397,0.892910374730827,0.9221703812707267,0.9260333779936317,0.9695771938254649,0.8813217437042127,0.9065903630654494,0.8739288103098858,0.9079848180954107,0.914270794545262,0.9251318597135898,0.9134122856607876,0.9252222875866888,1.3918658969595838,0.925984990548109,1.1510760537634988,0.9717815136133071,1.2288820206445668,1.1709961552979689,0.93978303949225,0.9641680854153788,0.9250643023605246,0.924352609347681,1.108381336859531,1.0154052192198604,0.9803049578064018,0.9275479303075023,0.9102663283521397,0.9365877042568924,0.9189478289282829,0.9487943286424865,0.9286839121931001,0.8909229764852702,0.8852920837746868,0.8887066715840988,0.8937446325151603,0.9053320018855557,0.8729706323496746,0.8992840527391257,0.9228825099031691,0.9189087518917725,0.9151411108038318,0.9173074679081521,0.9291852149920898,0.9140308319287133,0.9543196565674484,0.9091717492895363,0.9425333881288539,0.8697480943870541,0.9038691314892323,0.9209696713166058,0.9059543960328188,0.9043803658951416,0.9113038305948407,0.9127402889018033,0.9482067060757565,0.8571898820185923,0.8968282663828598,0.9085025454858919,0.9021684604546445,0.9118965380629731,1.1056228113395778,0.917155002398489,0.9782986388869844,0.9008601433624245,0.898571076494462,0.9040747570360267,0.9058054919613162,0.9112575119598444,0.9001046935622168,0.9084286517873671,0.898470391930025,0.8966210551232019,0.9257242819523894,0.9106690222165105,
1993-01-01,0.9382063403453098,0.9316113940362706,0.9153845970179546,0.9126129728337987,0.9343550619325532,0.9648408759112033,0.8976939000911516,0.9334044174350857,0.9488492660455423,0.9344354015126513,0.924979125952379,0.925597473137038,0.9156108229109358,0.9333429235065263,1.3246409601332723,0.9326785522336468,1.1417315838598878,0.9754163557115335,1.2158105445003522,1.1620107949517997,0.952247993699139,0.9805691942614971,0.9382746317720368,0.9338139169382763,1.103694168678997,1.0179160764569595,0.9840501159884213,0.937410058127725,0.9453087560000597,0.9521934567235579,0.9272914758592206,0.9534971432719441,0.9404534909638028,0.9028704712160345,0.899528901409635,0.8942194279428383,0.9010270673311634,0.9265648986036885,0.8829345833041741,0.9066536445337766,0.9340794672781702,0.9287873794333659,0.924095230246295,0.934415699272082,0.9420677899818586,0.9354169369884474,0.9659578911028391,0.9274612707805191,0.9484672309072623,0.8869474424188184,0.9266100457160104,0.9380359792379783,0.9242008210077169,0.9230378017931335,0.9282522333236503,0.933582140569545,0.9625599736846351,0.9071409112880315,0.9204402640428044,0.9281400893975895,0.9206810460931156,0.9285750332670906,1.0940750991816475,0.9347505149253785,0.9845280471935599,0.9135277498405978,0.9186669123212182,0.9241822580130519,0.9251226106536314,0.9291855741246353,0.9199282928413082,0.9257092048017078,0.9199135212396449,0.9152371341669033,0.9398142327127424,0.9263780795432576,
1994-01-01,0.9314467511379125,0.9317383969823881,0.9308193045538048,0.9469604197973164,0.9503931262146478,0.9718994892715843,0.8939835200187511,0.9580888128758774,0.98469873448262,0.9608315169190034,0.9502584488193159,0.9618843099814779,0.954403722008321,0.9623807874327205,1.2670336852984785,0.9606567301130116,1.1365347200516358,0.9966852318686377,1.1960005781815495,1.1535024875399489,0.9742962381129845,0.9960154185606779,0.9625811420930803,0.9626246217813483,1.1029382612307248,1.0275502128308125,0.9986856192888317,0.9618436981234703,0.9350803081102387,0.9371455082410433,0.93709521503319,0.9652647054409194,0.9601503341311084,0.9291278058043833,0.9249833325883984,0.9189152353781052,0.9204203121460064,0.9498766770296817,0.8561915069295751,0.9284886439989812,0.9471725242867277,0.9433596641812534,0.9452458028887937,0.9506231010981828,0.9420022886972121,0.9535759143014676,0.982816579009996,0.9498222713607294,0.9515307152129747,0.8630905652077348,0.9489571485917352,0.9586304873404317,0.9477705759730538,0.9469081430275443,0.9476905287420012,0.9475758441554958,0.959806892988695,0.9331323632182958,0.9458880838868746,0.9493129390648247,0.9452885620274565,0.9502203422871205,1.0827415217597796,0.9557333776984325,0.9987441548342965,0.939280042093907,0.9424726287666569,0.9486204809621813,0.9468388944976489,0.9504956024594463,0.9425133093990816,0.9492162117058559,0.9444666969239004,0.9394482136959228,0.9608177920231018,0.9509181800205609,
1995-01-01,0.9688079679341145,0.9748721535674174,0.9688769894805426,1.0193809025970544,0.9819923669337209,0.9895903571651598,0.9090925014057798,0.9891519385630337,1.0010583583833301,1.0008119034241523,0.9925907872333357,1.0223449261412876,1.0204193726862492,1.0074878410027723,1.1588380036895631,1.0104069782255563,1.0888106430110491,1.0282275924545936,1.1179292350557763,1.101329707535757,1.0014578329489312,1.007821927343871,0.9980609628839731,1.004763875429772,1.071650515672731,1.037082058985408,1.0348393832244032,1.00577790347716,0.9734773480341476,0.9757334090713671,0.9903203444667747,0.9903703857975992,0.9956137256952358,1.026935032778077,0.9948215138904203,1.025641378646629,0.984305990765879,0.9849504357718272,0.856285198944817,0.996417662949283,0.9747182789595064,0.9702438239443791,0.9747921969041801,0.9788913224587181,0.9693736715204205,0.980852109694867,0.9932170600042342,0.9723024139445078,0.9609251664017968,0.8545284594697611,0.977442494829253,0.987667506007435,0.9774246483731084,0.9769847166685405,0.9722219288694782,0.9781871597767513,0.9805212514864405,0.9743229337851057,0.9744584874202351,0.9764441049274097,0.9757662618174929,0.9813090879863301,1.0553948287816692,0.9822549749346687,1.0113979252829306,0.9674304296674341,0.9713579370874801,0.9810955844124783,0.9774782830568677,0.9834580315205774,0.9818612094685261,0.9756923735844666,0.9765505993431683,0.9725112172973526,0.986268267879307,0.9774533332538934,
1996-01-01,1.0,1.0,1.0,1.0,1.0,1.0,1.0,1.0,1.0,1.0,1.0,1.0,1.0,1.0,1.0,1.0,1.0,1.0,1.0,1.0,1.0,1.0,1.0,1.0,1.0,1.0,1.0,1.0,1.0,1.0,1.0,1.0,1.0,1.0,1.0,1.0,1.0,1.0,1.0,1.0,1.0,1.0,1.0,1.0,1.0,1.0,1.0,1.0,1.0,1.0,1.0,1.0,1.0,1.0,1.0,1.0,1.0,1.0,1.0,1.0,1.0,1.0,1.0,1.0,1.0,1.0,1.0,1.0,1.0,1.0,1.0,1.0,1.0,1.0,1.0,1.0,
1997-01-01,1.0151387215431544,1.013357094870931,1.0167479670740682,0.990618273890226,1.0111997684099665,1.0012628455134778,1.0283746433115957,1.0151918407484943,1.0211985630316511,1.0125892345237728,1.0135194477984444,1.002594100938704,1.008370451040058,1.0053531942895997,0.8818723872664103,1.002730752795416,0.9334703400003044,0.9876377396472713,0.9264906565164809,0.9370310081076274,0.998122633690536,0.9961994913336425,1.0074050102470666,1.0031298695536894,0.9564367756215403,0.976436109460205,0.9781160598094807,1.0021758997068064,1.0107713020021785,1.0274957705227967,1.007086053162475,1.0094735177680496,1.0146004530341641,0.9916353879373276,1.0134025146884231,0.9904914857655003,1.0081578909155284,1.0122790908494106,1.0154869423229151,1.0056312364238733,1.0093032539488234,1.0078218265775931,1.013550780640245,1.0166986923573682,1.0042720190297953,1.018832460739354,1.0066657904716605,1.0238500526952081,1.0119612254758446,1.0237301845847564,1.014048767613061,1.013133243229835,1.0236019931672762,1.0240465597969044,1.0142929935513143,1.0301941342062417,1.0203666889889786,1.0341151514396494,1.031076946278577,1.0234493333827022,1.0251630401135448,1.0186634831826762,0.9552571500352651,1.0130356570052454,0.9896605514476176,1.0243208588054424,1.0248324717656667,1.0252374426994406,1.023120899331843,1.017225579957833,1.0197459406924365,1.0291125077077363,1.02785258750747,1.0242340410648036,1.016331180228603,1.0246854480435479,
1998-01-01,0.9909690747399227,1.0064957991724062,1.0155666964214185,1.0182919421825676,0.9938989526222883,0.9908925650713701,0.9613135632157827,1.0173934295740572,1.0196133537632723,1.016052581278675,1.015365069981873,0.9981549994723143,1.0033862515671153,1.007106633823266,0.7410058292214846,1.0001823841258664,0.8379988207284711,0.9638808148960428,0.816035517857281,0.8387642400157685,0.9927391153182914,0.9830839237653594,1.009983764905603,1.0051979115770455,0.8868689339728548,0.9419749801438692,0.9522830921756826,1.0001115650624135,0.9863929143537266,1.0712763604529276,1.0021288132825779,1.020280231500644,1.0150183622299946,1.0011295507525921,1.0376357229214725,1.0079959361773867,0.997049947910651,1.0485294894901303,0.8727959177806769,1.0050413619855816,0.9883717866767001,0.9851191427480104,1.0111874030124042,1.0099024377140435,0.9718212003880783,1.0301617902036553,1.0019317626099493,1.0340949616893116,0.9777685224089115,0.8864231929150186,1.0105723667058877,1.0183521644996227,1.037259476146782,1.0377097389385443,1.015403724382557,1.0477985212420315,1.0279204327395977,1.0527142561993665,1.0494929091677616,1.0375093040052767,1.0404728816178586,1.0298806057248413,0.8913535508280324,1.0148199288841002,0.9712155560756902,1.0391034224838178,1.0411336945742147,1.0445246510256565,1.0371192986833662,1.0310689785528653,1.0336077821366287,1.0493894412507587,1.0444698755507458,1.0408741201394025,1.0224760999216609,1.043138713700905,
1999-01-01,1.0050365349912194,1.0230127541631202,1.0405120167887456,1.0357302566679325,1.0081694092270719,0.9916986597706997,0.9758547235380161,1.0315704646923034,1.035054120381113,1.0215631016068616,1.0300950769358963,0.9904752422726832,0.9957078748910478,1.00762640977822,0.6648188129780808,1.0022328071433255,0.8125744129998745,0.9562812468397366,0.7739697745378931,0.8014890105226137,0.9940459848702108,0.9811571743542403,1.0170906674727886,1.006187861545212,0.859862621587918,0.9271881745144334,0.9456244373480581,1.0023034335207772,0.9943509435134071,1.220274628993872,1.0004482520190265,1.018763104231302,1.0158320450575677,1.0067006890577475,1.0562875911247482,1.0144986470132162,1.0055518147041214,1.0764634634828423,0.8806318664503481,1.0099107318846219,1.0080057490466938,1.0108867300498987,1.0280218525885527,1.0638142155394326,1.0056848428101168,1.0425384603551209,1.0093073248639357,1.0124067643316421,0.9765419191662431,0.8841519584884352,1.027923378191623,1.0345874131660138,1.0568253538703032,1.057284440691825,1.0232221328579965,1.0648362319935247,1.03597829156669,1.0759377782075925,1.0723767444934635,1.0509457181434312,1.067103031051516,1.0472423806385904,0.8580187595110302,1.0288659127615234,0.9660506031138046,0.9844306795750843,1.06607928808042,1.0634791275744229,1.0556759342685174,1.0471242957011893,1.0517755074150412,1.0724508536699136,1.0649436700256112,1.0601628490866664,1.041284937309011,1.06657252327545,
2000-01-01,1.0380227139575449,1.0538405023400053,1.0961586565740773,1.0818435702059943,1.0706333374399628,1.020081437838047,1.0234329378914557,1.0589839129035978,1.0466577464327191,1.0451392993446835,1.0679382560527977,1.0300005627200572,1.0380000494743133,1.0347216674598902,0.6159400171641324,1.0326000344283668,0.800342627992512,0.9738163586818485,0.7479644312118483,0.7845787719815046,1.0077649880281934,0.9951200895132892,1.038862960467339,1.0302469477848748,0.8485416233046493,0.931240339093967,0.9607617146537569,1.027097012903702,1.0119282139186934,1.277035907352082,1.027387900973021,1.0298207104466242,1.0334311289825087,1.0545254796213743,1.0946027562264875,1.0597994323368545,1.0544162675047046,1.1104752341117439,0.9709776470207028,1.0480771084431717,1.1151212084827309,1.1183002816834378,1.0961851926718655,1.111376791007306,1.1266414906949818,1.0760019181483316,1.026005309140762,1.0175485652805218,1.0084666278173524,0.9220589515925588,1.0848535916233177,1.0659519770802977,1.0901254157622717,1.0905987062875038,1.0451508271337409,1.0731727600780816,1.0122138929981537,1.095584767362498,1.1010854922174576,1.0747570750396247,1.0995096080897933,1.0803136863107057,0.8414545013314488,1.0647560295414655,0.9826199405959449,0.9704438532268539,1.1010245581637355,1.0905649313731254,1.085937307115103,1.0724917591906613,1.0848849990950773,1.0982494035577022,1.0918765807354522,1.0903512045253592,1.0691958782473623,1.0924345312565014,
2001-01-01,1.0511644905142292,1.067622691200909,1.0809677916313378,1.0820300488531724,1.0752930446694118,1.0330344898655892,1.040947419441354,1.0574091739304465,1.0269841180429484,1.039501348554739,1.0799292398497748,1.0161768923266263,1.0237422698378467,1.027555110497871,0.5391916119857002,1.0218544908658687,0.7620834923487831,0.9512664053454838,0.6844321376996688,0.7256817788678583,0.9982341705541679,0.9924480782963487,1.0372373058142272,1.0257181302952507,0.804866869727544,0.9059977626398688,0.9397306495917098,1.0189940815387257,1.0338337674277946,1.3561581915108494,1.027883473753732,1.0246606085317755,1.0350381214585365,1.0534807942341524,1.1060095407236294,1.0635438656788554,1.05554655699085,1.1274115182058848,0.9665049200785647,1.046043962081936,1.1031939202478585,1.098051392990705,1.0990336019093456,1.140996935880627,1.0689676139084319,1.0897437911308598,1.0153354047832497,1.0352355168908003,1.0351946790829787,0.9481072157687774,1.0862091832258216,1.0658633955288879,1.105961529554573,1.1064370577392004,1.0634306407116518,1.0749064648347326,0.9874730826099761,1.1105435892020104,1.1229851371199688,1.0917662249179194,1.118290157239736,1.08632455058269,0.8003339674498255,1.0633848484044879,0.9703254691544216,0.9952960280992743,1.1245281914924015,1.129835876766046,1.1066528243559155,1.0868456248547655,1.0991084964013802,1.1199705848367874,1.1138731560608492,1.1114646935776915,1.0778755640583604,1.1064685526558322,
2002-01-01,1.041999842333998,1.0659792378420736,1.0776941415442234,1.1044129892635688,1.0722205417691746,1.043585414173501,1.0208724258028992,1.0636659785729823,1.0240181784160358,1.0425755120737137,1.0831008890946683,1.0257572178851866,1.0311260687200159,1.0329744001621899,0.4960650457253506,1.0244509590244524,0.7596800309860675,0.9506480922165256,0.671039986650449,0.7156497658511279,1.0004148248680609,0.9983969601402185,1.0425326988647905,1.030333087154633,0.7979898705001114,0.9010371224655526,0.9392888060242057,1.0244858644187236,1.0219014402240993,1.3909194876415705,1.023200787268496,1.023725085737659,1.039657185674843,1.0469749273121973,1.1116117485977894,1.059911177635391,1.053232773627589,1.147915629041207,0.9251345447420413,1.0449281972916433,1.1023633318358046,1.0915127198448547,1.1004737959733966,1.1596166997641273,1.0224416285504372,1.1001696431835821,1.0106588108541381,1.0516284667885227,1.0350186796640268,0.894219049137786,1.0864180015685705,1.0710130223953178,1.1139770782328922,1.1144649510644882,1.0660177650978198,1.0854303060804398,0.9834707792549251,1.1327213368826283,1.136432954212702,1.0998543293921763,1.131880168299098,1.094258027709342,0.7780511166399141,1.0664618217109407,0.9708430982812182,1.0120424288653007,1.1386009654884772,1.1476498685428924,1.115968739381291,1.0987887060431603,1.11022278677597,1.1367827498368126,1.1295605478635022,1.1227928655484691,1.0901783369340678,1.1216536904688421,
2003-01-01,1.1016303374884913,1.120377903172201,1.1233958628879805,1.1793780950371346,1.1216414665484966,1.0708328861652627,1.1149409646616315,1.0893124218283015,1.0628894984842812,1.0678032854349508,1.117327326528843,1.0564048653151454,1.0563503230625255,1.0521877966810051,0.4573912272566994,1.045783035969589,0.7550233448016697,0.9632738313474856,0.6553507573679838,0.706881064688336,1.0133787166163513,1.0174609843755764,1.0621175203868822,1.0472039357411949,0.7941588660121214,0.9075737280990379,0.9528618960712647,1.0465390007445068,1.0801398560640032,1.3796291418449789,1.060927447361781,1.0378774983108503,1.071507442891682,1.0762904822829038,1.1328461755251624,1.0812688876825687,1.1075252770770536,1.1905802986827532,1.1062302592061848,1.0861115302195077,1.1697235195352196,1.1571113060915583,1.1496696023190847,1.244337756427238,1.0995704990344013,1.1249249143955111,1.0119618466295583,1.0790052104034833,1.0899983693322128,1.0733490504486436,1.1326327846445503,1.097286818063353,1.1405421905093693,1.141019728198251,1.1039595956786128,1.0993776606295775,0.9933960055287337,1.168750971699725,1.1643495963716068,1.128107507858048,1.158015332063139,1.1183872508802335,0.7656025583681413,1.094752006550086,0.9843778729756139,1.0463369963832392,1.169022622006343,1.1743547265426917,1.1478555619434094,1.1266092023524683,1.1428875254003967,1.1668122314323361,1.1580131847117499,1.1511561678799342,1.113251316618499,1.1409352981757623,
2004-01-01,1.1745632038314011,1.1860733988244412,1.1874575263244393,1.3221613809744168,1.1930155641911446,1.1314327649920413,1.1962433740530978,1.1535842196077983,1.1397034136479927,1.1415917562044293,1.173418163021642,1.1845429966207053,1.182241633151492,1.1362642581051596,0.44118653383023976,1.1318213310874605,0.7654820502894739,1.0284195072114757,0.658141565240071,0.7233064184721045,1.0599666377366108,1.0609965708311853,1.1281952836238944,1.1153203534007836,0.816545371269078,0.9423455241447658,0.9888817350080982,1.1098898251843117,1.1489517180738176,1.4232720698838839,1.116956755376965,1.0690662476979957,1.113007725861923,1.1305794721063147,1.1697558523421598,1.1189365558782702,1.1836479595750509,1.257826457476759,1.2608234402427878,1.149604348898252,1.272394891550729,1.2480948000676024,1.217174519354428,1.3246779193924911,1.1508831659277898,1.164068081054071,1.0247024395394104,1.1086048178295445,1.164413539603032,1.1944336856897384,1.199340193342822,1.1383631525838485,1.182676515788257,1.1831094575864052,1.154325005424044,1.1282183152328364,1.0185810772461814,1.2169641318557334,1.207498707815554,1.172124670575387,1.1949296302601315,1.155763981516631,0.7703342297311656,1.1420091549686102,1.019269276220421,1.081067762284796,1.2116364477140142,1.211080694062035,1.1915663674447126,1.1659339461461373,1.1888400231931913,1.20458128060218,1.198241469569106,1.191101852535753,1.1480102649969772,1.1704931906783183,
2005-01-01,1.2215704586375074,1.234695342287509,1.2555951871577848,1.5336844396159015,1.3009578229730099,1.2126297143075595,1.3019014517637417,1.2121157659015347,1.1788357255007045,1.2015429561090998,1.2555051228198317,1.2859595198235374,1.2738491076244287,1.2041853995007668,0.4266226656072577,1.2054749693438702,0.7836477258886392,1.0857666251753315,0.6621364763075761,0.7389764898474127,1.0986718547671221,1.1038541265855542,1.1888983671874056,1.1745292897365196,0.8364035399129246,0.9756314631757521,1.0299913900780768,1.1769139674488054,1.1738712354111498,1.4964401438948833,1.18882627740272,1.106542271443597,1.147344037425104,1.1986007805754328,1.2137799010428478,1.1723461116797826,1.2955149004516668,1.3189293300805505,1.559923396073211,1.2408989170833131,1.434415568080873,1.3935456159770307,1.320904200264829,1.4092672296314543,1.2980067893773946,1.2066661382454849,1.0229409689134408,1.1397143475573803,1.273776115313463,1.4296705749044578,1.2869342894036695,1.1812964998566033,1.228772727839471,1.2292226747709094,1.193033870464531,1.155812941317686,1.0349692710488212,1.2454695825565667,1.2515735045236662,1.21693954480513,1.2396708663890836,1.197071279328957,0.771279936101372,1.1983364570715134,1.0596220038480475,1.1144824039701473,1.2558670233300842,1.2469926321069755,1.241132585557739,1.209027853432976,1.2452595546803462,1.2412373637423961,1.243729138609128,1.2331773723461266,1.1850012872272548,1.198167168254599,
