"Industry-by-Industry Total Requirements, After Redefinitions",,,,,,,,,,,,,,,,,,,,,,,,,,,,,,,,,,,,,,,,,,,,,,,,,,,,,,,,,,,,,,,,,,,,,,,,
(in producers' prices),,,,,,,,,,,,,,,,,,,,,,,,,,,,,,,,,,,,,,,,,,,,,,,,,,,,,,,,,,,,,,,,,,,,,,,,
Bureau of Economic Analysis,,,,,,,,,,,,,,,,,,,,,,,,,,,,,,,,,,,,,,,,,,,,,,,,,,,,,,,,,,,,,,,,,,,,,,,,
1999,,,,,,,,,,,,,,,,,,,,,,,,,,,,,,,,,,,,,,,,,,,,,,,,,,,,,,,,,,,,,,,,,,,,,,,,
,,,,,,,,,,,,,,,,,,,,,,,,,,,,,,,,,,,,,,,,,,,,,,,,,,,,,,,,,,,,,,,,,,,,,,,,
,Industries/Industries,111CA,113FF,211,212,213,22,23,321,327,331,332,333,334,335,3361MV,3364OT,337,339,311FT,313TT,315AL,322,323,324,325,326,42,441,445,452,4A0,481,482,483,484,485,486,487OS,493,511,512,513,514,521CI,523,524,525, HS, ORE,532RL,5411,5415,5412OP,55,561,562,61,621,622,623,624,711AS,713,721,722,81, GFGD, GFGN,GFE,GSLG,GSLE
IOCode,Name,Farms,"Forestry, fishing, and related activities",Oil and gas extraction,"Mining, except oil and gas",Support activities for mining,Utilities,Construction,Wood products,Nonmetallic mineral products,Primary metals,Fabricated metal products,Machinery,Computer and electronic products,"Electrical equipment, appliances, and components","Motor vehicles, bodies and trailers, and parts",Other transportation equipment,Furniture and related products,Miscellaneous manufacturing,Food and beverage and tobacco products,Textile mills and textile product mills,Apparel and leather and allied products,Paper products,Printing and related support activities,Petroleum and coal products,Chemical products,Plastics and rubber products,Wholesale trade,Motor vehicle and parts dealers,Food and beverage stores,General merchandise stores,Other retail,Air transportation,Rail transportation,Water transportation,Truck transportation,Transit and ground passenger transportation,Pipeline transportation,Other transportation and support activities,Warehousing and storage,"Publishing industries, except internet (includes software)",Motion picture and sound recording industries,Broadcasting and telecommunications,"Data processing, internet publishing, and other information services","Federal Reserve banks, credit intermediation, and related activities","Securities, commodity contracts, and investments",Insurance carriers and related activities,"Funds, trusts, and other financial vehicles",Housing,Other real estate,Rental and leasing services and lessors of intangible assets,Legal services,Computer systems design and related services,"Miscellaneous professional, scientific, and technical services",Management of companies and enterprises,Administrative and support services,Waste management and remediation services,Educational services,Ambulatory health care services,Hospitals,Nursing and residential care facilities,Social assistance,"Performing arts, spectator sports, museums, and related activities","Amusements, gambling, and recreation industries",Accommodation,Food services and drinking places,"Other services, except government",Federal general government (defense),Federal general government (nondefense),Federal government enterprises,State and local general government,State and local government enterprises
111CA,Farms,1.2267400,0.0656647,0.0007432,0.0015630,0.0010097,0.0009930,0.0037121,0.0375791,0.0022949,0.0015723,0.0013715,0.0017343,0.0012876,0.0015937,0.0031223,0.0013646,0.0078016,0.0058974,0.3086470,0.0604293,0.0242773,0.0099169,0.0054422,0.0009128,0.0115796,0.0061311,0.0009980,0.0102994,0.0033769,0.0006876,0.0015255,0.0031562,0.0013822,0.0016893,0.0011312,0.0005605,0.0011259,0.0013804,0.0004290,0.0013344,0.0010236,0.0006745,0.0015749,0.0010449,0.0008299,0.0007715,0.0008148,0.0002598,0.0018114,0.0007878,0.0011431,0.0012289,0.0017691,0.0011692,0.0025350,0.0012939,0.0213152,0.0015942,0.0036545,0.0095431,0.0119549,0.0014189,0.0069547,0.0086555,0.0488471,0.0012182,0.0012184,-0.0038785,0.0012812,0.0070808,0.0010934
113FF,"Forestry, fishing, and related activities",0.0897369,1.2857500,0.0007896,0.0023781,0.0009754,0.0007746,0.0109798,0.2418560,0.0041068,0.0026114,0.0019965,0.0032585,0.0021415,0.0029322,0.0042798,0.0018494,0.0293304,0.0071911,0.0349831,0.0069759,0.0042762,0.0485126,0.0108774,0.0007935,0.0039539,0.0127902,0.0010761,0.0016432,0.0036025,0.0006891,0.0011253,0.0014892,0.0057700,0.0011414,0.0011497,0.0008788,0.0013725,0.0017501,0.0005941,0.0029899,0.0018814,0.0011199,0.0039899,0.0008221,0.0010047,0.0006060,0.0008409,0.0008531,0.0018917,0.0013314,0.0008809,0.0008093,0.0012547,0.0008863,0.0013227,0.0010956,0.0038530,0.0012411,0.0017643,0.0028452,0.0037595,0.0008555,0.0033607,0.0045957,0.0162618,0.0010359,0.0009041,0.0004736,0.0006754,0.0032446,0.0019854
211,Oil and gas extraction,0.0276684,0.0130722,1.1103600,0.0207530,0.0117777,0.1299710,0.0166281,0.0131515,0.0150427,0.0200938,0.0116750,0.0109084,0.0082566,0.0151380,0.0100030,0.0075384,0.0105984,0.0095266,0.0154727,0.0186087,0.0115523,0.0142312,0.0179124,0.6254550,0.0334541,0.0188805,0.0039114,0.0063533,0.0075881,0.0053060,0.0055824,0.0740904,0.0291338,0.0359503,0.0363525,0.0334696,0.1308980,0.0127564,0.0045526,0.0045806,0.0042920,0.0042433,0.0054644,0.0042053,0.0055020,0.0020745,0.0043016,0.0008013,0.0160601,0.0043238,0.0040263,0.0041659,0.0044401,0.0037528,0.0095947,0.0242714,0.0130017,0.0057013,0.0087073,0.0082049,0.0069333,0.0052846,0.0085240,0.0099225,0.0087600,0.0044207,0.0098682,0.0038402,0.0097751,0.0207649,0.0657300
212,"Mining, except oil and gas",0.0114772,0.0028723,0.0051878,1.1035600,0.0039832,0.0242215,0.0167046,0.0054342,0.0733113,0.0983134,0.0210442,0.0132412,0.0062811,0.0187900,0.0149089,0.0091727,0.0086379,0.0087337,0.0083133,0.0093584,0.0046421,0.0118448,0.0053164,0.0071724,0.0150532,0.0091392,0.0011208,0.0016348,0.0019464,0.0013541,0.0016482,0.0021255,0.0043963,0.0039869,0.0024054,0.0013595,0.0036464,0.0022509,0.0014359,0.0021931,0.0016408,0.0020353,0.0030652,0.0010301,0.0017920,0.0006351,0.0014772,0.0005751,0.0077596,0.0017737,0.0013147,0.0011927,0.0019832,0.0013699,0.0016404,0.0029325,0.0037975,0.0023385,0.0033711,0.0025181,0.0024959,0.0038746,0.0037553,0.0026102,0.0042483,0.0021469,0.0021046,0.0036850,0.0011052,0.0028292,0.0098718
213,Support activities for mining,0.0005331,0.0002402,0.0112482,0.0200633,1.0050100,0.0018107,0.0005299,0.0002929,0.0015857,0.0021136,0.0005792,0.0004196,0.0002457,0.0005693,0.0004490,0.0002997,0.0003181,0.0002975,0.0003604,0.0004000,0.0002400,0.0004089,0.0003218,0.0064318,0.0006513,0.0004051,0.0001486,0.0001519,0.0001464,0.0001124,0.0001444,0.0009730,0.0004693,0.0009335,0.0007214,0.0004027,0.0014484,0.0040345,0.0001333,0.0001596,0.0001467,0.0001058,0.0001831,0.0000815,0.0001497,0.0000456,0.0001085,0.0000216,0.0003318,0.0001145,0.0001008,0.0000937,0.0001568,0.0000860,0.0001688,0.0003642,0.0002331,0.0001316,0.0001768,0.0001511,0.0001559,0.0001713,0.0001952,0.0001731,0.0001974,0.0001105,0.0001609,0.0001191,0.0001470,0.0002816,0.0008950
22,Utilities,0.0427807,0.0114931,0.0376989,0.0465060,0.0078120,1.0176500,0.0165634,0.0296294,0.0439256,0.0592531,0.0337276,0.0247355,0.0235676,0.0285092,0.0266054,0.0203595,0.0254255,0.0198830,0.0337179,0.0370637,0.0311097,0.0431952,0.0294844,0.0358488,0.0381756,0.0397353,0.0114701,0.0200203,0.0380744,0.0267106,0.0220639,0.0116415,0.0097665,0.0350873,0.0122515,0.0102513,0.0234119,0.0173409,0.0213684,0.0110518,0.0125659,0.0150909,0.0146827,0.0092933,0.0194699,0.0054820,0.0144692,0.0018598,0.0835553,0.0136535,0.0124756,0.0105200,0.0122888,0.0127948,0.0133989,0.0287547,0.0642306,0.0142848,0.0247691,0.0265249,0.0189765,0.0166200,0.0300839,0.0393794,0.0309466,0.0135865,0.0104047,0.0084394,0.0132723,0.0179624,0.0261295
23,Construction,0.0129994,0.0060097,0.0099222,0.0294404,0.0066029,0.0153001,1.0058400,0.0112216,0.0148053,0.0185709,0.0120149,0.0095685,0.0101786,0.0099815,0.0092701,0.0075308,0.0092645,0.0078822,0.0111646,0.0104631,0.0083296,0.0137603,0.0110933,0.0098930,0.0115755,0.0123903,0.0044017,0.0073230,0.0080398,0.0069397,0.0083074,0.0054553,0.0187567,0.0103304,0.0066801,0.0055484,0.0349074,0.0172250,0.0056882,0.0044472,0.0052180,0.0114653,0.0075549,0.0114339,0.0084307,0.0027403,0.0119095,0.0175215,0.0434087,0.0059550,0.0062386,0.0041612,0.0092227,0.0076238,0.0051151,0.0055105,0.0096407,0.0057434,0.0081535,0.0081421,0.0095926,0.0066175,0.0094167,0.0164413,0.0096803,0.0090559,0.0225705,0.0092246,0.0116400,0.0151602,0.0930293
321,Wood products,0.0070346,0.0052240,0.0024306,0.0061561,0.0032139,0.0021098,0.0555370,1.3259500,0.0138678,0.0079847,0.0056313,0.0110205,0.0068226,0.0083739,0.0146016,0.0052513,0.1472360,0.0216361,0.0066441,0.0061435,0.0040615,0.0527665,0.0122290,0.0021132,0.0047248,0.0152831,0.0030127,0.0026431,0.0049577,0.0020988,0.0031437,0.0020214,0.0298602,0.0027862,0.0032718,0.0016489,0.0041640,0.0040434,0.0017643,0.0085708,0.0076560,0.0039458,0.0183779,0.0018024,0.0024508,0.0010795,0.0021424,0.0043680,0.0069598,0.0053184,0.0017777,0.0015598,0.0023594,0.0017689,0.0025606,0.0026350,0.0029907,0.0026019,0.0028743,0.0024638,0.0102468,0.0019694,0.0051468,0.0058880,0.0101237,0.0027098,0.0027461,0.0017452,0.0014565,0.0058047,0.0083165
327,Nonmetallic mineral products,0.0043541,0.0029146,0.0083158,0.0085262,0.0075314,0.0032237,0.0591439,0.0227381,1.1644200,0.0195192,0.0117040,0.0153120,0.0094499,0.0316749,0.0253885,0.0074827,0.0146947,0.0132048,0.0131825,0.0187652,0.0076290,0.0064764,0.0044242,0.0077472,0.0081337,0.0150815,0.0016279,0.0026969,0.0024396,0.0013705,0.0026918,0.0030658,0.0038403,0.0035639,0.0033944,0.0017413,0.0050516,0.0033519,0.0017228,0.0020211,0.0017171,0.0045523,0.0096025,0.0018143,0.0025947,0.0009599,0.0021958,0.0015205,0.0045359,0.0022799,0.0015850,0.0020305,0.0039492,0.0028159,0.0031950,0.0043665,0.0046553,0.0072749,0.0044055,0.0048778,0.0057458,0.0018979,0.0039907,0.0043322,0.0143153,0.0039129,0.0032730,0.0029038,0.0015464,0.0035563,0.0163466
331,Primary metals,0.0125224,0.0083677,0.0297885,0.0243930,0.0236720,0.0066219,0.0328501,0.0234709,0.0254856,1.3141600,0.2461680,0.1420770,0.0509295,0.1951220,0.1541190,0.0885695,0.0694636,0.0641023,0.0242999,0.0191723,0.0120927,0.0215453,0.0169429,0.0194391,0.0150261,0.0295139,0.0043950,0.0057082,0.0045215,0.0027435,0.0044604,0.0059886,0.0233509,0.0216761,0.0151452,0.0054156,0.0195063,0.0102143,0.0047536,0.0090361,0.0048480,0.0080896,0.0109006,0.0025307,0.0041688,0.0017582,0.0033281,0.0011143,0.0080970,0.0054602,0.0036852,0.0049483,0.0058354,0.0040093,0.0056416,0.0120238,0.0080731,0.0051850,0.0057469,0.0045366,0.0083650,0.0037336,0.0076384,0.0055856,0.0116428,0.0095371,0.0119703,0.0042468,0.0037570,0.0059018,0.0144386
332,Fabricated metal products,0.0211162,0.0124215,0.0289059,0.0219813,0.0188971,0.0087360,0.0751516,0.0484391,0.0417884,0.0712121,1.1327900,0.1148230,0.0645114,0.1180980,0.1248000,0.0979258,0.0660785,0.0489351,0.0395055,0.0347660,0.0243641,0.0409390,0.0374163,0.0206466,0.0319339,0.0547241,0.0062377,0.0094895,0.0064798,0.0038014,0.0081232,0.0095452,0.0169162,0.0670872,0.0259894,0.0105161,0.0430856,0.0175195,0.0073404,0.0229507,0.0065665,0.0170427,0.0207896,0.0042032,0.0067987,0.0029987,0.0054370,0.0023507,0.0101775,0.0075939,0.0053804,0.0085224,0.0083807,0.0069666,0.0089720,0.0208437,0.0115364,0.0071755,0.0082357,0.0068013,0.0159912,0.0053124,0.0104350,0.0109014,0.0237847,0.0122511,0.0223641,0.0067728,0.0067791,0.0099559,0.0261324
333,Machinery,0.0199612,0.0157238,0.0368781,0.0606051,0.0714882,0.0088673,0.0339743,0.0152380,0.0142306,0.0310593,0.0270630,1.1211500,0.0132719,0.0384852,0.0706422,0.0399819,0.0114878,0.0147211,0.0133066,0.0104773,0.0075840,0.0159262,0.0223609,0.0228163,0.0146092,0.0202444,0.0033652,0.0047472,0.0037359,0.0023551,0.0036554,0.0052514,0.0165843,0.0091688,0.0088030,0.0049299,0.0212214,0.0074164,0.0093280,0.0069891,0.0047534,0.0046550,0.0087326,0.0020222,0.0034171,0.0014485,0.0027410,0.0010980,0.0078228,0.0051825,0.0025754,0.0051311,0.0041338,0.0029985,0.0057628,0.0222087,0.0133216,0.0039356,0.0045348,0.0037050,0.0048481,0.0030014,0.0041109,0.0040016,0.0077649,0.0099102,0.0076696,0.0055264,0.0027103,0.0060811,0.0133142
334,Computer and electronic products,0.0103981,0.0084328,0.0091267,0.0108726,0.0096411,0.0051913,0.0223054,0.0258090,0.0327872,0.0342405,0.0406181,0.0678238,1.4321500,0.0849902,0.0978173,0.1550890,0.0384709,0.0440701,0.0179045,0.0483911,0.0273629,0.0388579,0.0543493,0.0086712,0.0264309,0.0345106,0.0117432,0.0197951,0.0082672,0.0045941,0.0085575,0.0083755,0.0115130,0.0181807,0.0116380,0.0058738,0.0114037,0.0098188,0.0060741,0.0203897,0.0371037,0.0421398,0.0234110,0.0107843,0.0125201,0.0048541,0.0108454,0.0012440,0.0092792,0.0058979,0.0148348,0.0292518,0.0135837,0.0223330,0.0170298,0.0119613,0.0173378,0.0152860,0.0091264,0.0080084,0.0093586,0.0062506,0.0075636,0.0176542,0.0111371,0.0154086,0.0567091,0.0141857,0.0039044,0.0108535,0.0171858
335,"Electrical equipment, appliances, and components",0.0064286,0.0095810,0.0044097,0.0057296,0.0056415,0.0021350,0.0320812,0.0147497,0.0059081,0.0210825,0.0186166,0.0492665,0.0300379,1.0989200,0.0244641,0.0249006,0.0079973,0.0121780,0.0061519,0.0068751,0.0057204,0.0075711,0.0071083,0.0035674,0.0062447,0.0113015,0.0019940,0.0037764,0.0024158,0.0048134,0.0024917,0.0026393,0.0086738,0.0059027,0.0036485,0.0032617,0.0049605,0.0032550,0.0046421,0.0026336,0.0023282,0.0084577,0.0062687,0.0018503,0.0030951,0.0012588,0.0024543,0.0009455,0.0042182,0.0025896,0.0064336,0.0067163,0.0044905,0.0027420,0.0049386,0.0074608,0.0051493,0.0022641,0.0027188,0.0028136,0.0044827,0.0021166,0.0036613,0.0036166,0.0075630,0.0054319,0.0058290,0.0048308,0.0015049,0.0038496,0.0118845
3361MV,"Motor vehicles, bodies and trailers, and parts",0.0151020,0.0139679,0.0096692,0.0179837,0.0124746,0.0038257,0.0209934,0.0218436,0.0171493,0.0266148,0.0178162,0.0588246,0.0196652,0.0178662,1.3920300,0.0448433,0.0149416,0.0124411,0.0152460,0.0127652,0.0087982,0.0167084,0.0134216,0.0080663,0.0097013,0.0117959,0.0069952,0.0138990,0.0165360,0.0027748,0.0101513,0.0043412,0.0073353,0.0099124,0.0746116,0.0112614,0.0099804,0.0169589,0.0105595,0.0088630,0.0038889,0.0055223,0.0073944,0.0035897,0.0064889,0.0022022,0.0046173,0.0007680,0.0060412,0.0097801,0.0028374,0.0037096,0.0050844,0.0052482,0.0101218,0.0198093,0.0067758,0.0040106,0.0043372,0.0038852,0.0105142,0.0078828,0.0046182,0.0048909,0.0078179,0.0406404,0.0125033,0.0024655,0.0134089,0.0089750,0.0106898
3364OT,Other transportation equipment,0.0016822,0.0040336,0.0014880,0.0026909,0.0018991,0.0012382,0.0021405,0.0026914,0.0018515,0.0036016,0.0024656,0.0057108,0.0029198,0.0032338,0.0039720,1.2933200,0.0019637,0.0016954,0.0018413,0.0022036,0.0024020,0.0020324,0.0017678,0.0012279,0.0015898,0.0019974,0.0011305,0.0014936,0.0008399,0.0010212,0.0011088,0.0103229,0.0244761,0.0574103,0.0021958,0.0011800,0.0025180,0.0107102,0.0006639,0.0012839,0.0014446,0.0015467,0.0016264,0.0009082,0.0017742,0.0006323,0.0014454,0.0001248,0.0013632,0.0008803,0.0009265,0.0013323,0.0017737,0.0014738,0.0013283,0.0016336,0.0011353,0.0009824,0.0008340,0.0008990,0.0016024,0.0012213,0.0024317,0.0011285,0.0012213,0.0012972,0.0586635,0.0033742,0.0008628,0.0008576,0.0024230
337,Furniture and related products,0.0006842,0.0004393,0.0004674,0.0008558,0.0004469,0.0003818,0.0131458,0.0271146,0.0011043,0.0008723,0.0009194,0.0028736,0.0032955,0.0011297,0.0027074,0.0015110,1.0342900,0.0031472,0.0007887,0.0014294,0.0014192,0.0022839,0.0012367,0.0004001,0.0007454,0.0032014,0.0005157,0.0008655,0.0004099,0.0002499,0.0012088,0.0003894,0.0011500,0.0006406,0.0004957,0.0002610,0.0008029,0.0006211,0.0002402,0.0005674,0.0004810,0.0007281,0.0032928,0.0003271,0.0004198,0.0001689,0.0003919,0.0012816,0.0010188,0.0006416,0.0006838,0.0003435,0.0005151,0.0003799,0.0004167,0.0004282,0.0004630,0.0007137,0.0005338,0.0004453,0.0014684,0.0021067,0.0017723,0.0007059,0.0023118,0.0006281,0.0006706,0.0002933,0.0003119,0.0005453,0.0024997
339,Miscellaneous manufacturing,0.0037872,0.0016085,0.0014336,0.0019520,0.0016224,0.0009111,0.0035405,0.0026595,0.0074620,0.0033345,0.0027993,0.0114021,0.0022111,0.0076313,0.0090032,0.0039781,0.0039573,1.0698300,0.0023267,0.0067452,0.0133619,0.0021878,0.0026642,0.0012070,0.0030939,0.0038506,0.0019351,0.0045539,0.0018512,0.0009720,0.0019819,0.0011318,0.0012913,0.0019772,0.0014794,0.0011118,0.0020928,0.0023568,0.0022344,0.0013046,0.0011859,0.0017573,0.0038439,0.0012509,0.0021575,0.0009650,0.0016252,0.0001924,0.0019471,0.0012023,0.0012274,0.0013567,0.0030203,0.0014354,0.0023936,0.0035503,0.0078001,0.0234427,0.0276863,0.0095740,0.0135976,0.0029084,0.0030967,0.0044916,0.0039221,0.0054107,0.0024477,0.0014830,0.0006183,0.0054726,0.0017638
311FT,Food and beverage and tobacco products,0.1067750,0.0174633,0.0014482,0.0014783,0.0014063,0.0028167,0.0019950,0.0074560,0.0035957,0.0028077,0.0022978,0.0022104,0.0020457,0.0022434,0.0027065,0.0017090,0.0032869,0.0028517,1.2217800,0.0107325,0.0274981,0.0061738,0.0099328,0.0021166,0.0110342,0.0058810,0.0022751,0.0029564,0.0030885,0.0013679,0.0024284,0.0119234,0.0013669,0.0044220,0.0024367,0.0011162,0.0022530,0.0025780,0.0008201,0.0024183,0.0023001,0.0016733,0.0029794,0.0031849,0.0023988,0.0022532,0.0023491,0.0002666,0.0044072,0.0016678,0.0032760,0.0036975,0.0043509,0.0033934,0.0051388,0.0032219,0.0774132,0.0033932,0.0096842,0.0326776,0.0439456,0.0043823,0.0185377,0.0291541,0.1790440,0.0028147,0.0023070,0.0003472,0.0043122,0.0212447,0.0017301
313TT,Textile mills and textile product mills,0.0054330,0.0087074,0.0014511,0.0021880,0.0016402,0.0008149,0.0065168,0.0126416,0.0068246,0.0037833,0.0027469,0.0071714,0.0027173,0.0035569,0.0312922,0.0084668,0.0508071,0.0311254,0.0042193,1.2843100,0.3752760,0.0176422,0.0172827,0.0015976,0.0061006,0.0220722,0.0032684,0.0024855,0.0020507,0.0036070,0.0052013,0.0010983,0.0014414,0.0117651,0.0028603,0.0010484,0.0018987,0.0024954,0.0008428,0.0020684,0.0014878,0.0011380,0.0019191,0.0007571,0.0012460,0.0006909,0.0009470,0.0003799,0.0015597,0.0016651,0.0008647,0.0008501,0.0016011,0.0009861,0.0016585,0.0032309,0.0023604,0.0024250,0.0043784,0.0114891,0.0067595,0.0016858,0.0045488,0.0077759,0.0046953,0.0035485,0.0086968,0.0014993,0.0012676,0.0036605,0.0018960
315AL,Apparel and leather and allied products,0.0009845,0.0005673,0.0003102,0.0003040,0.0002309,0.0001960,0.0005004,0.0007604,0.0004788,0.0006941,0.0004177,0.0007528,0.0004792,0.0004866,0.0076968,0.0006536,0.0016446,0.0018880,0.0006456,0.0179441,1.1224700,0.0008459,0.0118833,0.0002932,0.0004397,0.0008441,0.0018242,0.0004674,0.0003015,0.0080813,0.0005218,0.0002375,0.0003134,0.0006790,0.0007327,0.0003182,0.0004312,0.0004115,0.0001665,0.0006116,0.0005265,0.0004195,0.0005010,0.0002315,0.0004491,0.0002488,0.0003177,0.0000357,0.0003511,0.0007513,0.0002561,0.0002447,0.0003746,0.0003311,0.0008576,0.0028979,0.0008239,0.0003755,0.0003925,0.0005074,0.0034506,0.0020224,0.0004525,0.0005844,0.0004340,0.0016731,0.0018824,0.0002395,0.0015768,0.0016951,0.0004217
322,Paper products,0.0142021,0.0068886,0.0054067,0.0078512,0.0060173,0.0039340,0.0130904,0.0169447,0.0371988,0.0238995,0.0199958,0.0234601,0.0172235,0.0284533,0.0233336,0.0150501,0.0345566,0.0321265,0.0573010,0.0331120,0.0262507,1.3009100,0.2464690,0.0060359,0.0284235,0.0462726,0.0099559,0.0073493,0.0110374,0.0052571,0.0086650,0.0061061,0.0061171,0.0099204,0.0075658,0.0151516,0.0110552,0.0197583,0.0051646,0.0396667,0.0087889,0.0065686,0.0112874,0.0071699,0.0105297,0.0064587,0.0074179,0.0008630,0.0066742,0.0057904,0.0084728,0.0061413,0.0094019,0.0074176,0.0112017,0.0094678,0.0112788,0.0108470,0.0149146,0.0189806,0.0160484,0.0076460,0.0075314,0.0326295,0.0217414,0.0065989,0.0053982,0.0116839,0.0039298,0.0180023,0.0065414
323,Printing and related support activities,0.0054934,0.0051701,0.0042435,0.0041705,0.0029709,0.0044355,0.0048756,0.0058767,0.0045999,0.0065831,0.0053512,0.0057974,0.0060391,0.0057081,0.0056981,0.0046378,0.0055779,0.0053599,0.0066210,0.0062052,0.0193576,0.0061831,1.0605200,0.0041004,0.0085127,0.0060947,0.0128120,0.0103876,0.0061541,0.0055981,0.0122663,0.0050007,0.0063471,0.0084950,0.0062915,0.0061453,0.0097055,0.0058905,0.0021065,0.0347510,0.0153624,0.0088435,0.0199143,0.0082308,0.0230385,0.0139126,0.0150259,0.0006870,0.0077235,0.0053928,0.0114925,0.0084135,0.0164591,0.0142401,0.0147511,0.0060678,0.0128813,0.0119457,0.0078539,0.0063371,0.0148937,0.0183916,0.0088577,0.0184611,0.0073811,0.0083002,0.0052777,0.0100264,0.0069843,0.0181519,0.0070524
324,Petroleum and coal products,0.0330354,0.0167389,0.0180312,0.0203634,0.0160454,0.0321160,0.0216005,0.0138776,0.0127191,0.0166545,0.0106083,0.0112315,0.0076605,0.0167069,0.0093070,0.0071549,0.0104373,0.0097299,0.0166983,0.0176493,0.0106102,0.0126261,0.0207358,1.0348100,0.0253347,0.0177674,0.0036835,0.0058732,0.0047313,0.0032874,0.0043668,0.1104170,0.0422107,0.0478281,0.0525972,0.0489310,0.0707831,0.0157041,0.0029744,0.0046088,0.0040464,0.0035870,0.0053392,0.0045716,0.0046260,0.0020577,0.0037519,0.0008454,0.0094280,0.0037954,0.0036127,0.0042736,0.0042448,0.0032361,0.0118779,0.0310214,0.0082907,0.0053304,0.0074436,0.0071707,0.0064512,0.0046640,0.0073832,0.0078258,0.0074619,0.0039940,0.0128682,0.0040637,0.0090116,0.0279620,0.0523575
325,Chemical products,0.1086790,0.0785850,0.0299670,0.0392699,0.0320773,0.0109079,0.0327995,0.0635308,0.0665664,0.0313733,0.0516100,0.0506494,0.0468011,0.0636781,0.0654515,0.0390742,0.0781884,0.0813361,0.0602429,0.3095620,0.1128300,0.0978798,0.0964370,0.0321252,1.2957000,0.2976780,0.0090911,0.0106905,0.0098813,0.0058306,0.0099662,0.0119000,0.0147696,0.0181955,0.0147625,0.0079906,0.0167480,0.0179842,0.0092778,0.0215291,0.0091026,0.0097122,0.0162605,0.0058750,0.0118400,0.0051679,0.0086760,0.0016778,0.0261544,0.0076596,0.0100925,0.0072223,0.0144248,0.0101644,0.0131338,0.0155990,0.0185267,0.0530709,0.1013910,0.0379806,0.0186815,0.0077661,0.0130056,0.0126786,0.0231438,0.0166504,0.0160225,0.0095883,0.0051116,0.0250715,0.0193604
326,Plastics and rubber products,0.0187547,0.0099910,0.0060203,0.0217448,0.0080124,0.0036644,0.0309367,0.0214539,0.0205886,0.0196320,0.0197386,0.0425470,0.0251649,0.0335560,0.0778072,0.0346554,0.0827234,0.0458513,0.0365053,0.0256157,0.0179462,0.0269863,0.0207685,0.0061390,0.0297963,1.0912400,0.0091936,0.0106912,0.0140898,0.0041803,0.0086085,0.0054280,0.0056579,0.0094816,0.0159060,0.0040564,0.0103035,0.0267559,0.0058098,0.0086031,0.0051590,0.0084620,0.0080189,0.0026989,0.0046839,0.0039783,0.0036259,0.0010904,0.0060124,0.0065315,0.0044437,0.0048111,0.0063597,0.0038845,0.0064955,0.0082438,0.0095496,0.0135273,0.0096450,0.0116168,0.0113764,0.0036788,0.0057527,0.0066864,0.0216785,0.0138906,0.0092025,0.0038436,0.0028986,0.0099518,0.0142123
42,Wholesale trade,0.1169230,0.0920577,0.0378999,0.0464765,0.0331776,0.0300693,0.0637207,0.1255930,0.0647459,0.1168320,0.0762533,0.0983526,0.1141130,0.1113940,0.1325370,0.0752831,0.0919447,0.0765089,0.1174830,0.0984342,0.1177560,0.1010710,0.0736501,0.0466637,0.0772039,0.0838812,1.0326900,0.0243285,0.0169493,0.0105160,0.0235950,0.0310237,0.0607323,0.0356273,0.0678241,0.0505852,0.0369906,0.0348492,0.0109057,0.0478887,0.0135314,0.0196619,0.0250379,0.0097827,0.0151008,0.0071806,0.0116119,0.0028230,0.0193263,0.0462772,0.0123177,0.0145514,0.0155190,0.0135437,0.0225738,0.0306310,0.0363460,0.0292100,0.0407912,0.0275894,0.0314443,0.0127902,0.0202706,0.0258309,0.0596728,0.0223238,0.0271053,0.0124814,0.0130675,0.0268707,0.0561355
 441,Motor vehicle and parts dealers,0.0006394,0.0005176,0.0005587,0.0010629,0.0007053,0.0002667,0.0020146,0.0012096,0.0013573,0.0010307,0.0008880,0.0028388,0.0008898,0.0006179,0.0034265,0.0026982,0.0010287,0.0009481,0.0010912,0.0009836,0.0006853,0.0010523,0.0009821,0.0004882,0.0007637,0.0008145,0.0002528,1.0009500,0.0016120,0.0002359,0.0009439,0.0003216,0.0004815,0.0006832,0.0069770,0.0003693,0.0005087,0.0012572,0.0004336,0.0007097,0.0002704,0.0003629,0.0005220,0.0003134,0.0005906,0.0002342,0.0004255,0.0000773,0.0009161,0.0009495,0.0002476,0.0002867,0.0003760,0.0003257,0.0012009,0.0008052,0.0003731,0.0002894,0.0003526,0.0002854,0.0003286,0.0002944,0.0003530,0.0003405,0.0004725,0.0040287,0.0004439,0.0001588,0.0003808,0.0003231,0.0004729
 445,Food and beverage stores,0.0001060,0.0000519,0.0000419,0.0000536,0.0000272,0.0000562,0.0004481,0.0000698,0.0001372,0.0000598,0.0000786,0.0001168,0.0000717,0.0001381,0.0001697,0.0000484,0.0005191,0.0001960,0.0001597,0.0000958,0.0000755,0.0001011,0.0008635,0.0000512,0.0002526,0.0001429,0.0000407,0.0001584,1.0001200,0.0000254,0.0000914,0.0000316,0.0000557,0.0000485,0.0003979,0.0001043,0.0000697,0.0000553,0.0000218,0.0000541,0.0000421,0.0000367,0.0000667,0.0000470,0.0000531,0.0000312,0.0000433,0.0000425,0.0001060,0.0000443,0.0000548,0.0000372,0.0000566,0.0000377,0.0000881,0.0000561,0.0000545,0.0000619,0.0000581,0.0000420,0.0000562,0.0000427,0.0000475,0.0003135,0.0000915,0.0002423,0.0000367,0.0000237,0.0000336,0.0000467,0.0000700
 452,General merchandise stores,0.0002377,0.0001560,0.0001202,0.0001591,0.0000835,0.0001090,0.0014717,0.0003438,0.0002413,0.0001767,0.0002065,0.0003283,0.0001936,0.0003179,0.0004790,0.0001812,0.0011354,0.0004486,0.0003735,0.0004147,0.0002689,0.0002614,0.0027936,0.0001329,0.0004924,0.0003402,0.0001332,0.0003935,0.0003409,1.0000900,0.0002736,0.0001218,0.0001420,0.0001569,0.0009944,0.0001252,0.0002353,0.0001569,0.0000732,0.0001887,0.0001392,0.0001186,0.0002221,0.0001597,0.0001849,0.0001122,0.0001510,0.0001044,0.0004174,0.0001697,0.0001737,0.0001301,0.0001895,0.0001267,0.0004416,0.0001741,0.0004103,0.0001972,0.0001691,0.0001462,0.0001860,0.0001478,0.0001555,0.0010190,0.0006458,0.0007086,0.0001149,0.0000774,0.0001043,0.0001501,0.0002227
 4A0,Other retail,0.0032269,0.0015081,0.0014361,0.0068927,0.0009683,0.0038754,0.0554407,0.0062888,0.0024652,0.0026879,0.0021931,0.0027004,0.0019239,0.0028664,0.0035800,0.0015768,0.0084509,0.0036232,0.0034451,0.0054178,0.0029502,0.0028673,0.0238679,0.0018604,0.0070454,0.0037785,0.0012600,0.0038345,0.0025225,0.0013257,1.0025800,0.0014394,0.0023003,0.0220922,0.0082699,0.0036553,0.0033477,0.0025189,0.0007672,0.0017012,0.0014068,0.0014324,0.0020517,0.0017819,0.0017541,0.0009673,0.0016440,0.0016018,0.0042818,0.0012397,0.0015868,0.0011741,0.0019305,0.0013322,0.0022093,0.0015296,0.0019965,0.0020081,0.0018159,0.0018271,0.0018948,0.0028846,0.0024448,0.0096795,0.0094300,0.0045344,0.0018878,0.0010415,0.0013562,0.0019958,0.0058748
481,Air transportation,0.0041308,0.0025875,0.0026086,0.0024748,0.0020970,0.0044111,0.0036400,0.0054240,0.0049599,0.0048571,0.0054219,0.0051558,0.0051018,0.0043460,0.0056737,0.0045132,0.0055078,0.0050251,0.0054511,0.0053051,0.0059867,0.0047405,0.0073143,0.0029584,0.0049200,0.0062740,0.0045909,0.0039914,0.0021905,0.0020068,0.0030589,1.0030000,0.0027716,0.0089043,0.0087261,0.0022282,0.0035641,0.0079140,0.0020962,0.0053307,0.0079448,0.0042549,0.0071594,0.0076094,0.0068310,0.0022124,0.0059849,0.0005248,0.0074696,0.0045828,0.0062501,0.0094595,0.0063374,0.0030198,0.0093298,0.0095799,0.0060207,0.0050201,0.0032173,0.0037792,0.0049957,0.0037303,0.0042436,0.0035238,0.0041667,0.0027878,0.0148501,0.0098909,0.0163222,0.0037530,0.0027983
482,Rail transportation,0.0097106,0.0040848,0.0034643,0.0305106,0.0027121,0.0103361,0.0049294,0.0110316,0.0193838,0.0344923,0.0103633,0.0070304,0.0036429,0.0103978,0.0086265,0.0050745,0.0079234,0.0054764,0.0117088,0.0061820,0.0034923,0.0147761,0.0064219,0.0040101,0.0121698,0.0103988,0.0009130,0.0012729,0.0013222,0.0008217,0.0011290,0.0018896,1.0060300,0.0026806,0.0137225,0.0012018,0.0027545,0.0019187,0.0008520,0.0017774,0.0009177,0.0013097,0.0016764,0.0006840,0.0011750,0.0007522,0.0009082,0.0002434,0.0034124,0.0008731,0.0009640,0.0008222,0.0012425,0.0008183,0.0013478,0.0019305,0.0025375,0.0017764,0.0021408,0.0018132,0.0020364,0.0009792,0.0015529,0.0019874,0.0043147,0.0012732,0.0015539,0.0021287,0.0046247,0.0022286,0.0042368
483,Water transportation,0.0030556,0.0007232,0.0017602,0.0023851,0.0005973,0.0008255,0.0010351,0.0005785,0.0026685,0.0029191,0.0008784,0.0006595,0.0004773,0.0011881,0.0006896,0.0005438,0.0005920,0.0006787,0.0034955,0.0009503,0.0005200,0.0007441,0.0004782,0.0013025,0.0012034,0.0006467,0.0001661,0.0003431,0.0001857,0.0001573,0.0001999,0.0005829,0.0004449,1.0005300,0.0004610,0.0003041,0.0030198,0.0003458,0.0001137,0.0002176,0.0002048,0.0002274,0.0002816,0.0001629,0.0002604,0.0000935,0.0002098,0.0000418,0.0003643,0.0001556,0.0001507,0.0001811,0.0011932,0.0002685,0.0002546,0.0003886,0.0005095,0.0002746,0.0002948,0.0003159,0.0003792,0.0002597,0.0003072,0.0003739,0.0008964,0.0001739,0.0003913,0.0002312,0.0028821,0.0003834,0.0006734
484,Truck transportation,0.0370149,0.0254186,0.0077435,0.0128423,0.0098443,0.0048390,0.0202920,0.0360652,0.0340691,0.0315415,0.0171890,0.0189067,0.0153476,0.0213092,0.0246474,0.0160360,0.0229049,0.0158862,0.0418640,0.0287934,0.0258219,0.0231704,0.0189415,0.0199842,0.0158073,0.0190575,0.0068078,0.0122938,0.0082946,0.0072094,0.0088694,0.0083590,0.0088395,0.0206701,1.0256800,0.0059690,0.0104551,0.0189158,0.0047092,0.0094404,0.0063898,0.0041758,0.0088517,0.0025142,0.0058235,0.0020101,0.0040172,0.0008370,0.0047949,0.0038967,0.0039689,0.0036584,0.0052961,0.0032343,0.0055167,0.0119644,0.0089890,0.0059494,0.0067862,0.0063529,0.0093356,0.0053330,0.0063890,0.0073577,0.0152285,0.0052633,0.0119932,0.0039341,0.0225185,0.0086840,0.0089465
485,Transit and ground passenger transportation,0.0006140,0.0004776,0.0006222,0.0005841,0.0003923,0.0009615,0.0006833,0.0010217,0.0009591,0.0010581,0.0011388,0.0009549,0.0008944,0.0007441,0.0009472,0.0006715,0.0010380,0.0009188,0.0008904,0.0007480,0.0010282,0.0009391,0.0014457,0.0006708,0.0008285,0.0011782,0.0006258,0.0009487,0.0004570,0.0004173,0.0006307,0.0006250,0.0043978,0.0010101,0.0006894,1.0004600,0.0009500,0.0006702,0.0003244,0.0010364,0.0018396,0.0013402,0.0021723,0.0026144,0.0017015,0.0012540,0.0015753,0.0001608,0.0023359,0.0013379,0.0021087,0.0029165,0.0018378,0.0008829,0.0028390,0.0021256,0.0019606,0.0015860,0.0011539,0.0023903,0.0010412,0.0127295,0.0010268,0.0008659,0.0009142,0.0006706,0.0004197,0.0003701,0.0003446,0.0033633,0.0019991
486,Pipeline transportation,0.0042968,0.0017961,0.0189316,0.0034353,0.0012970,0.0451710,0.0019837,0.0022964,0.0028387,0.0037706,0.0022193,0.0018606,0.0015818,0.0023320,0.0018367,0.0013946,0.0018810,0.0015834,0.0026847,0.0033624,0.0022937,0.0028201,0.0027065,0.0476330,0.0041889,0.0031113,0.0007919,0.0013210,0.0020343,0.0014288,0.0013103,0.0075882,0.0031628,0.0047584,0.0039962,0.0035888,1.0082500,0.0018980,0.0011819,0.0008293,0.0008653,0.0009288,0.0010432,0.0007414,0.0012207,0.0003967,0.0009289,0.0001391,0.0043837,0.0009032,0.0008442,0.0007795,0.0008665,0.0008039,0.0014152,0.0033064,0.0034497,0.0010460,0.0016633,0.0017057,0.0014081,0.0011257,0.0018549,0.0023163,0.0019123,0.0008982,0.0013164,0.0006708,0.0020481,0.0026327,0.0156411
487OS,Other transportation and support activities,0.0089089,0.0143232,0.0045818,0.0061408,0.0028322,0.0131188,0.0059129,0.0118426,0.0092324,0.0093202,0.0058638,0.0061566,0.0060612,0.0066621,0.0073824,0.0049480,0.0073904,0.0056945,0.0095960,0.0072054,0.0076567,0.0081378,0.0080854,0.0064777,0.0057632,0.0070646,0.0243815,0.0147735,0.0086498,0.0086553,0.0151180,0.0537564,0.0251503,0.1365050,0.0872680,0.0105600,0.0146522,1.1144900,0.0166064,0.0180038,0.0195520,0.0046119,0.0174839,0.0047221,0.0157213,0.0030193,0.0093126,0.0004868,0.0052140,0.0096787,0.0092622,0.0068919,0.0104306,0.0036412,0.0104210,0.0165300,0.0074385,0.0075603,0.0063659,0.0050575,0.0093368,0.0116829,0.0095707,0.0053049,0.0056521,0.0059569,0.0038429,0.0023173,0.0073019,0.0044719,0.0110220
493,Warehousing and storage,0.0077363,0.0018349,0.0011309,0.0023532,0.0009022,0.0022892,0.0022561,0.0036190,0.0035638,0.0038198,0.0043211,0.0046088,0.0053394,0.0042395,0.0039855,0.0041867,0.0040808,0.0038225,0.0048200,0.0039645,0.0054380,0.0035919,0.0060355,0.0014305,0.0032443,0.0040521,0.0074557,0.0120850,0.0138444,0.0109565,0.0107916,0.0015891,0.0013896,0.0113923,0.0120819,0.0025863,0.0017988,0.0112364,1.0206900,0.0036638,0.0030738,0.0014249,0.0037961,0.0006602,0.0024508,0.0006159,0.0015056,0.0001251,0.0013931,0.0017663,0.0015266,0.0012976,0.0016653,0.0007988,0.0030378,0.0024429,0.0014326,0.0016397,0.0021234,0.0013245,0.0020365,0.0019427,0.0016237,0.0019249,0.0020246,0.0013236,0.0013792,0.0019123,0.0007202,0.0031043,0.0020026
511,"Publishing industries, except internet (includes software)",0.0049045,0.0055412,0.0050396,0.0043356,0.0028989,0.0063474,0.0056012,0.0058039,0.0051695,0.0059174,0.0062898,0.0062837,0.0087189,0.0058436,0.0056090,0.0054378,0.0064105,0.0063202,0.0063581,0.0053908,0.0079110,0.0052401,0.0067661,0.0045965,0.0061545,0.0063959,0.0066521,0.0104032,0.0061812,0.0077527,0.0086399,0.0058183,0.0067960,0.0087721,0.0045979,0.0055228,0.0126333,0.0060422,0.0026745,1.1175100,0.0093203,0.0110007,0.0156743,0.0080093,0.0167425,0.0054091,0.0133744,0.0006829,0.0100810,0.0062731,0.0089090,0.0117589,0.0139919,0.0148776,0.0132117,0.0062950,0.0092741,0.0074791,0.0059537,0.0067336,0.0141354,0.0094162,0.0080938,0.0081779,0.0061882,0.0050920,0.0067375,0.0058456,0.0030206,0.0112049,0.0094902
512,Motion picture and sound recording industries,0.0008723,0.0007382,0.0009252,0.0007997,0.0005933,0.0009102,0.0012118,0.0009990,0.0009407,0.0010692,0.0011510,0.0012238,0.0012904,0.0010092,0.0010813,0.0009382,0.0011098,0.0011023,0.0010647,0.0009331,0.0013318,0.0009211,0.0012074,0.0008388,0.0010050,0.0011161,0.0013818,0.0027924,0.0019243,0.0011296,0.0015474,0.0036560,0.0009803,0.0024682,0.0012255,0.0013367,0.0019106,0.0016945,0.0006634,0.0016899,1.1546700,0.0683133,0.0045670,0.0016574,0.0047108,0.0010473,0.0030107,0.0001419,0.0025579,0.0013357,0.0023965,0.0030200,0.0031693,0.0026659,0.0028292,0.0015687,0.0018405,0.0018440,0.0012419,0.0021413,0.0041760,0.0049538,0.0016113,0.0016728,0.0015817,0.0015447,0.0026238,0.0019163,0.0006405,0.0023703,0.0012694
513,Broadcasting and telecommunications,0.0144699,0.0117088,0.0152662,0.0131719,0.0097655,0.0149146,0.0204411,0.0164054,0.0154649,0.0174330,0.0191151,0.0203797,0.0213258,0.0165910,0.0178422,0.0153467,0.0184028,0.0183324,0.0173312,0.0152604,0.0218507,0.0150079,0.0200402,0.0137850,0.0161750,0.0183187,0.0229186,0.0303848,0.0151687,0.0185127,0.0260103,0.0616681,0.0158010,0.0420370,0.0206712,0.0227094,0.0314469,0.0285745,0.0112012,0.0269560,0.0260365,1.2477400,0.0798319,0.0276710,0.0821830,0.0176515,0.0516670,0.0023486,0.0420584,0.0223177,0.0410567,0.0510067,0.0344407,0.0396021,0.0471283,0.0259648,0.0231174,0.0307804,0.0206772,0.0214047,0.0257763,0.0267866,0.0231612,0.0252025,0.0195541,0.0176600,0.0284716,0.0298755,0.0102405,0.0362017,0.0206678
514,"Data processing, internet publishing, and other information services",0.0027558,0.0020403,0.0041338,0.0028350,0.0020755,0.0050876,0.0033135,0.0060217,0.0054931,0.0053123,0.0063674,0.0067170,0.0057159,0.0050367,0.0046968,0.0049247,0.0065925,0.0052641,0.0048304,0.0044169,0.0067878,0.0054545,0.0059666,0.0034497,0.0043269,0.0057811,0.0033178,0.0070610,0.0045364,0.0035202,0.0056342,0.0061127,0.0029950,0.0060339,0.0029731,0.0028448,0.0063149,0.0043822,0.0016080,0.0141703,0.0030531,0.0064545,1.0203600,0.0082760,0.0265247,0.0042007,0.0170625,0.0005501,0.0055339,0.0032594,0.0075706,0.0078018,0.0067105,0.0086462,0.0150517,0.0085303,0.0088366,0.0035576,0.0046335,0.0030779,0.0039576,0.0048599,0.0047476,0.0036865,0.0043854,0.0038946,0.0140638,0.0069110,0.0027771,0.0085188,0.0054759
521CI,"Federal Reserve banks, credit intermediation, and related activities",0.0757443,0.0272367,0.0680829,0.0346337,0.0184588,0.0656240,0.0265829,0.0262404,0.0297436,0.0317656,0.0305963,0.0288074,0.0287090,0.0264299,0.0284682,0.0218168,0.0278370,0.0252429,0.0431816,0.0293391,0.0373208,0.0243204,0.0270663,0.0472414,0.0301712,0.0337354,0.0271898,0.0337418,0.0311915,0.0263779,0.0397489,0.0369126,0.0793202,0.0437004,0.0409827,0.0400284,0.0407754,0.0243964,0.0126549,0.0255634,0.0287247,0.0297278,0.0416601,1.1563000,0.0918621,0.0377572,0.1399140,0.0462600,0.0855071,0.0402701,0.0371490,0.0382337,0.0310870,0.0689938,0.0384995,0.0296398,0.0333848,0.0309232,0.0241984,0.0300378,0.0226128,0.0245266,0.0303293,0.0257112,0.0307768,0.0395557,0.0102990,0.0102517,0.0307048,0.0166208,0.0534270
523,"Securities, commodity contracts, and investments",0.0170474,0.0098792,0.0125665,0.0359248,0.0252376,0.0149519,0.0105429,0.0094408,0.0111379,0.0232614,0.0229348,0.0206305,0.0127666,0.0165199,0.0181413,0.0133356,0.0191427,0.0174704,0.0120412,0.0090166,0.0107650,0.0084212,0.0091807,0.0104117,0.0091635,0.0106237,0.0074235,0.0080035,0.0079069,0.0059003,0.0092530,0.0102423,0.0300041,0.0846056,0.0122180,0.0165771,0.0177775,0.0093745,0.0037323,0.0079906,0.0103528,0.0075290,0.0092403,0.0901568,1.1358700,0.0163516,0.5800880,0.0048513,0.0205495,0.0086008,0.0133651,0.0100689,0.0092253,0.0299589,0.0127790,0.0097381,0.0096938,0.0105260,0.0130527,0.0110013,0.0152851,0.0121732,0.0082953,0.0086568,0.0212074,0.0247668,0.0039226,0.0027227,0.0070207,0.0066511,0.0206338
524,Insurance carriers and related activities,0.0194625,0.0158999,0.0145370,0.0129759,0.0068834,0.0088240,0.0075575,0.0129631,0.0135219,0.0121532,0.0106728,0.0133611,0.0196084,0.0140783,0.0134522,0.0090698,0.0122676,0.0099219,0.0151124,0.0162684,0.0299164,0.0100100,0.0107202,0.0121286,0.0142846,0.0114127,0.0185534,0.0269960,0.0117243,0.0125786,0.0159723,0.0194561,0.0081878,0.0497304,0.0407632,0.0271970,0.0136613,0.0185857,0.0071680,0.0085399,0.0166145,0.0094451,0.0125961,0.0322561,0.0279245,1.3598400,0.0557097,0.0082800,0.0359373,0.0181431,0.0249106,0.0116193,0.0133830,0.0088112,0.0191450,0.0287898,0.0117672,0.0309040,0.0384537,0.0331985,0.0216028,0.0279063,0.0227413,0.0133415,0.0146568,0.0115003,0.0044581,0.0065903,0.0089257,0.0049452,0.0091549
525,"Funds, trusts, and other financial vehicles",0.0000836,0.0000607,0.0000623,0.0001023,0.0000660,0.0000516,0.0000399,0.0000521,0.0000569,0.0000762,0.0000716,0.0000744,0.0000762,0.0000686,0.0000700,0.0000494,0.0000687,0.0000593,0.0000629,0.0000602,0.0000995,0.0000425,0.0000458,0.0000519,0.0000554,0.0000504,0.0000631,0.0000864,0.0000459,0.0000444,0.0000597,0.0000707,0.0000784,0.0002913,0.0001307,0.0001031,0.0000697,0.0000669,0.0000260,0.0000377,0.0000634,0.0000392,0.0000508,0.0002556,0.0022208,0.0036169,1.0101000,0.0000310,0.0001337,0.0000642,0.0000910,0.0000497,0.0000528,0.0000838,0.0000748,0.0000944,0.0000494,0.0001015,0.0001262,0.0001084,0.0000860,0.0000967,0.0000757,0.0000517,0.0000788,0.0000772,0.0000192,0.0000225,0.0000368,0.0000257,0.0000632
 HS,Housing,0.0000000,0.0000000,0.0000000,0.0000000,0.0000000,0.0000000,0.0000000,0.0000000,0.0000000,0.0000000,0.0000000,0.0000000,0.0000000,0.0000000,0.0000000,0.0000000,0.0000000,0.0000000,0.0000000,0.0000000,0.0000000,0.0000000,0.0000000,0.0000000,0.0000000,0.0000000,0.0000000,0.0000000,0.0000000,0.0000000,0.0000000,0.0000000,0.0000000,0.0000000,0.0000000,0.0000000,0.0000000,0.0000000,0.0000000,0.0000000,0.0000000,0.0000000,0.0000000,0.0000000,0.0000000,0.0000000,0.0000000,1.0000000,0.0000000,0.0000000,0.0000000,0.0000000,0.0000000,0.0000000,0.0000000,0.0000000,0.0000000,0.0000000,0.0000000,0.0000000,0.0000000,0.0000000,0.0000000,0.0000000,0.0000000,0.0000000,0.0000000,0.0000000,0.0000000,0.0000000,0.0000000
 ORE,Other real estate,0.0284151,0.0133775,0.0185504,0.0145684,0.0093986,0.0261829,0.0192713,0.0172255,0.0168595,0.0181838,0.0217225,0.0186920,0.0156024,0.0168977,0.0153773,0.0126969,0.0209975,0.0177548,0.0220439,0.0176168,0.0214159,0.0168318,0.0244352,0.0159229,0.0152670,0.0200491,0.0249865,0.0339318,0.0486846,0.0477307,0.0697519,0.0257722,0.0182530,0.0846656,0.0249451,0.0164760,0.0548456,0.0280389,0.0557958,0.0263106,0.0360586,0.0274798,0.0370427,0.0383810,0.0819175,0.0277185,0.0815657,0.0155007,1.1562800,0.0413883,0.0781030,0.0356034,0.0549080,0.0355341,0.0387623,0.0306427,0.0904460,0.0547953,0.1067360,0.0668055,0.0708562,0.0502881,0.0576823,0.0214747,0.0485209,0.0615938,0.0106981,0.0296290,0.0234052,0.0241345,0.0324109
532RL,Rental and leasing services and lessors of intangible assets,0.0238957,0.0117382,0.1314460,0.0282373,0.0126786,0.0251861,0.0202656,0.0146040,0.0180502,0.0190796,0.0202580,0.0186980,0.0232685,0.0185638,0.0181674,0.0158754,0.0151568,0.0177676,0.0211483,0.0182425,0.0260118,0.0175602,0.0208026,0.0789245,0.0273057,0.0200345,0.0140765,0.0108937,0.0121531,0.0119050,0.0144953,0.0483824,0.0615301,0.0170633,0.0387695,0.0197382,0.0235970,0.0194748,0.0061181,0.0152513,0.0118102,0.0292720,0.0602521,0.0085748,0.0353428,0.0077236,0.0205757,0.0010575,0.0137436,1.0171000,0.0133122,0.0171686,0.0140773,0.0311634,0.0192779,0.0240488,0.0156886,0.0129236,0.0127594,0.0089694,0.0091926,0.0160420,0.0121989,0.0131561,0.0158540,0.0068511,0.0074461,0.0046769,0.0061524,0.0108041,0.0159908
5411,Legal services,0.0100255,0.0107339,0.0129423,0.0107403,0.0090807,0.0233111,0.0102448,0.0100934,0.0083024,0.0095467,0.0087862,0.0100000,0.0091635,0.0083335,0.0093579,0.0070992,0.0090767,0.0097946,0.0094810,0.0083772,0.0105953,0.0082425,0.0085205,0.0108929,0.0095224,0.0100434,0.0099874,0.0084555,0.0059612,0.0082085,0.0092937,0.0203594,0.0166362,0.0197133,0.0074533,0.0135922,0.0178200,0.0103243,0.0050929,0.0118232,0.0140247,0.0113704,0.0140206,0.0160250,0.0344575,0.0213385,0.0329792,0.0029754,0.0299954,0.0111589,1.0183200,0.0163577,0.0180466,0.0214475,0.0175554,0.0108563,0.0086931,0.0142391,0.0147987,0.0124015,0.0102461,0.0194400,0.0262753,0.0101870,0.0097775,0.0084077,0.0048016,0.0051312,0.0129954,0.0130339,0.0094250
5415,Computer systems design and related services,0.0063031,0.0056162,0.0150507,0.0050704,0.0035047,0.0093610,0.0056440,0.0067153,0.0059400,0.0070458,0.0071647,0.0082137,0.0111858,0.0060611,0.0068942,0.0073959,0.0073218,0.0064729,0.0068434,0.0064769,0.0081184,0.0063450,0.0098557,0.0119974,0.0075458,0.0077104,0.0065394,0.0085169,0.0049621,0.0055223,0.0064323,0.0115165,0.0178916,0.0117363,0.0050152,0.0043261,0.0070769,0.0056698,0.0035204,0.0086534,0.0059238,0.0105554,0.0313680,0.0102715,0.0334269,0.0080653,0.0211384,0.0009220,0.0140366,0.0094193,0.0118774,1.0173100,0.0094038,0.0213281,0.0141166,0.0065206,0.0096301,0.0066617,0.0090469,0.0070936,0.0065688,0.0051475,0.0061764,0.0052101,0.0057355,0.0050369,0.0301187,0.0483718,0.0039943,0.0108730,0.0112290
5412OP,"Miscellaneous professional, scientific, and technical services",0.0375559,0.0510601,0.0381764,0.0374262,0.0242299,0.0523972,0.0493668,0.0486129,0.0419477,0.0466292,0.0508264,0.0497747,0.0536689,0.0452366,0.0440653,0.0416553,0.0534490,0.0520888,0.0538752,0.0442394,0.0659510,0.0427045,0.0517795,0.0365896,0.0504106,0.0535166,0.0537371,0.0959085,0.0480681,0.0738330,0.0696155,0.0446389,0.0572500,0.0729782,0.0349682,0.0502344,0.1185330,0.0439042,0.0190317,0.0657883,0.0874526,0.0954193,0.0881077,0.0617893,0.1227020,0.0427113,0.1051150,0.0055244,0.0825273,0.0471736,0.0547428,0.0839255,1.1012100,0.1132340,0.0771839,0.0464800,0.0447387,0.0592683,0.0456119,0.0528871,0.0486037,0.0871441,0.0669093,0.0691094,0.0527786,0.0353601,0.0451110,0.0204111,0.0192292,0.0425594,0.0878663
55,Management of companies and enterprises,0.0238495,0.0144181,0.0615119,0.0495933,0.0440473,0.0144550,0.0192721,0.0294723,0.0457416,0.0404559,0.0378944,0.0561521,0.0904278,0.0595507,0.0633667,0.0706174,0.0328820,0.0372415,0.0659994,0.0533874,0.0639600,0.0473290,0.0452004,0.0515507,0.0993748,0.0563083,0.0255403,0.0105585,0.0102091,0.0196401,0.0172474,0.0192135,0.0138353,0.0541694,0.0306878,0.0229904,0.0208437,0.0350587,0.0105478,0.0271995,0.0123994,0.0119558,0.0221656,0.0304943,0.0205057,0.0102207,0.0191816,0.0021378,0.0210977,0.0236166,0.0131857,0.0175371,0.0172487,1.0093600,0.0456721,0.0220464,0.0155781,0.0242658,0.0349047,0.0179308,0.0231469,0.0163821,0.0190476,0.0373663,0.0248411,0.0124218,0.0123388,0.0056091,0.0058465,0.0103321,0.0151236
561,Administrative and support services,0.0232788,0.0186149,0.0214243,0.0189536,0.0125312,0.0332779,0.0232325,0.0288339,0.0314326,0.0433312,0.0380623,0.0324303,0.0426455,0.0306704,0.0297169,0.0353567,0.0273405,0.0257039,0.0298086,0.0329651,0.0901210,0.0296998,0.0411471,0.0242430,0.0266316,0.0305848,0.0418507,0.0407165,0.0294071,0.0309889,0.0444214,0.0520098,0.0296280,0.0762532,0.0654658,0.0444232,0.1288410,0.0666052,0.0338400,0.0694643,0.0327106,0.0356705,0.0907694,0.0379242,0.0679774,0.0609725,0.0522111,0.0050197,0.1440790,0.0362715,0.0625483,0.0739946,0.0602946,0.0342282,1.0707500,0.0451006,0.0441752,0.0565451,0.0557553,0.0534647,0.0462755,0.0527067,0.0404467,0.0380209,0.0284687,0.0280817,0.0250714,0.0172895,0.0308039,0.0299095,0.0387237
562,Waste management and remediation services,0.0022734,0.0023331,0.0127091,0.0031177,0.0046381,0.0042549,0.0048551,0.0034320,0.0046321,0.0265958,0.0077550,0.0052803,0.0044097,0.0061166,0.0055143,0.0038623,0.0045493,0.0037462,0.0039492,0.0038836,0.0033286,0.0093813,0.0045824,0.0102888,0.0045822,0.0047857,0.0020072,0.0063281,0.0039542,0.0025031,0.0033168,0.0033017,0.0025095,0.0233390,0.0035430,0.0106106,0.0118036,0.0076822,0.0031124,0.0018407,0.0019306,0.0025517,0.0021756,0.0013015,0.0026477,0.0029001,0.0021710,0.0003709,0.0142637,0.0020490,0.0022126,0.0018637,0.0025678,0.0018523,0.0041742,1.1223100,0.0059478,0.0035738,0.0042982,0.0068218,0.0049569,0.0031750,0.0056978,0.0097060,0.0043025,0.0032449,0.0017054,0.0023671,0.0013458,0.0128732,0.0103480
61,Educational services,0.0007156,0.0022323,0.0000792,0.0001047,0.0000571,0.0003990,0.0003649,0.0005587,0.0001110,0.0002344,0.0001206,0.0001223,0.0001170,0.0001266,0.0001411,0.0000943,0.0001843,0.0001102,0.0002929,0.0001543,0.0001533,0.0002231,0.0005657,0.0000995,0.0001322,0.0001384,0.0004504,0.0016263,0.0043333,0.0000561,0.0046427,0.0001276,0.0002660,0.0002150,0.0001362,0.0000931,0.0002875,0.0001262,0.0000446,0.0001027,0.0000867,0.0004023,0.0006523,0.0000814,0.0001266,0.0000556,0.0000969,0.0000174,0.0001623,0.0000788,0.0000773,0.0002858,0.0001439,0.0000959,0.0003859,0.0001971,1.0056800,0.0000919,0.0001465,0.0000831,0.0000877,0.0012308,0.0003158,0.0001322,0.0001661,0.0007146,0.0003158,0.0001144,0.0000715,0.0029527,0.0001567
621,Ambulatory health care services,0.0000350,0.0000472,0.0000394,0.0000282,0.0000350,0.0000372,0.0000384,0.0000469,0.0000358,0.0001083,0.0000509,0.0000451,0.0000426,0.0000451,0.0000435,0.0000376,0.0000418,0.0000408,0.0000432,0.0000353,0.0000471,0.0000534,0.0000429,0.0000422,0.0000408,0.0000423,0.0000370,0.0000568,0.0000373,0.0000435,0.0000474,0.0001182,0.0000451,0.0001474,0.0000336,0.0000358,0.0000953,0.0000453,0.0000173,0.0000462,0.0000651,0.0000927,0.0000748,0.0000453,0.0001132,0.0000338,0.0000838,0.0000049,0.0000670,0.0000325,0.0000393,0.0000552,0.0005142,0.0000754,0.0001103,0.0000828,0.0000429,1.0224600,0.0220700,0.0002407,0.0000346,0.0006495,0.0000632,0.0000498,0.0000398,0.0000741,0.0000613,0.0011872,0.0000249,0.0021515,0.0000544
 622,Hospitals,0.0000007,0.0000007,0.0000009,0.0000005,0.0000008,0.0000007,0.0000007,0.0000008,0.0000006,0.0000017,0.0000009,0.0000008,0.0000008,0.0000008,0.0000008,0.0000007,0.0000007,0.0000008,0.0000008,0.0000006,0.0000007,0.0000009,0.0000008,0.0000011,0.0000008,0.0000008,0.0000006,0.0000007,0.0000006,0.0000007,0.0000007,0.0000046,0.0000008,0.0000051,0.0000007,0.0000005,0.0000014,0.0000008,0.0000003,0.0000008,0.0000010,0.0000020,0.0000016,0.0000009,0.0000029,0.0000006,0.0000019,0.0000001,0.0000011,0.0000005,0.0000006,0.0000009,0.0000058,0.0000013,0.0000015,0.0000012,0.0000008,0.0002429,1.0091000,0.0000028,0.0000005,0.0000073,0.0000009,0.0000009,0.0000007,0.0000009,0.0000019,0.0000554,0.0000007,0.0000288,0.0000008
 623,Nursing and residential care facilities,0.0000487,0.0000305,0.0000730,0.0000331,0.0000627,0.0000388,0.0000374,0.0000422,0.0000392,0.0000833,0.0000498,0.0000541,0.0000506,0.0000524,0.0000572,0.0000512,0.0000406,0.0000493,0.0000534,0.0000390,0.0000348,0.0000515,0.0000470,0.0000996,0.0000611,0.0000510,0.0000348,0.0000207,0.0000314,0.0000296,0.0000309,0.0005132,0.0000560,0.0005474,0.0000479,0.0000225,0.0000529,0.0000461,0.0000187,0.0000446,0.0000415,0.0001637,0.0001252,0.0000589,0.0002695,0.0000434,0.0001584,0.0000084,0.0000553,0.0000283,0.0000327,0.0000429,0.0000359,0.0000780,0.0000423,0.0000548,0.0000455,0.0000220,0.0000262,1.0000300,0.0000224,0.0000377,0.0000283,0.0000511,0.0000428,0.0000225,0.0001966,0.0066462,0.0000635,0.0008718,0.0000287
624,Social assistance,0.0000181,0.0000228,0.0000241,0.0000112,0.0000264,0.0000129,0.0000162,0.0000239,0.0000156,0.0000879,0.0000269,0.0000223,0.0000170,0.0000245,0.0000237,0.0000184,0.0000170,0.0000173,0.0000185,0.0000141,0.0000122,0.0000336,0.0000184,0.0000291,0.0000183,0.0000174,0.0000105,0.0000100,0.0000137,0.0000088,0.0000285,0.0001248,0.0000167,0.0001418,0.0000156,0.0000102,0.0000360,0.0000223,0.0000065,0.0000135,0.0000126,0.0000423,0.0000336,0.0000157,0.0000673,0.0000123,0.0000401,0.0000024,0.0000208,0.0000085,0.0000100,0.0000127,0.0000111,0.0000208,0.0000137,0.0000564,0.0000196,0.0000092,0.0000153,0.0000098,1.0000100,0.0000170,0.0000113,0.0000174,0.0000142,0.0000089,0.0000493,0.0015839,0.0000164,0.0021933,0.0000126
711AS,"Performing arts, spectator sports, museums, and related activities",0.0017292,0.0019179,0.0014577,0.0013455,0.0009163,0.0013660,0.0014584,0.0020178,0.0017601,0.0019431,0.0018861,0.0019204,0.0020266,0.0016987,0.0018789,0.0015955,0.0017868,0.0016481,0.0020696,0.0017908,0.0025436,0.0018333,0.0021617,0.0015029,0.0019603,0.0021688,0.0022926,0.0030062,0.0024116,0.0014216,0.0019318,0.0024474,0.0070080,0.0025682,0.0017163,0.0013665,0.0021166,0.0024797,0.0018381,0.0021917,0.0248882,0.0261404,0.0037550,0.0038336,0.0041580,0.0016102,0.0035222,0.0002748,0.0053934,0.0020584,0.0044142,0.0038602,0.0047270,0.0084468,0.0055491,0.0027131,0.0045529,0.0022627,0.0019756,0.0020126,0.0039916,1.1235900,0.0071402,0.0027690,0.0038618,0.0025306,0.0018494,0.0012599,0.0009883,0.0017744,0.0018530
713,"Amusements, gambling, and recreation industries",0.0002087,0.0001051,0.0001396,0.0001145,0.0000940,0.0001940,0.0001506,0.0002034,0.0001858,0.0001899,0.0002205,0.0001994,0.0002104,0.0001602,0.0002007,0.0001588,0.0002055,0.0001854,0.0002147,0.0001661,0.0002296,0.0001881,0.0002941,0.0001458,0.0001959,0.0002420,0.0001910,0.0001378,0.0002287,0.0000856,0.0003330,0.0001364,0.0001223,0.0001992,0.0001248,0.0000975,0.0001759,0.0001307,0.0000635,0.0002086,0.0003092,0.0002099,0.0004108,0.0004927,0.0003234,0.0001839,0.0002983,0.0000307,0.0004483,0.0002024,0.0004322,0.0005887,0.0003194,0.0006759,0.0006144,0.0004143,0.0003693,0.0003020,0.0001445,0.0002153,0.0002352,0.0003795,1.0001800,0.0004256,0.0004910,0.0001322,0.0039879,0.0001204,0.0000642,0.0003516,0.0005812
721,Accommodation,0.0023641,0.0014839,0.0024745,0.0019213,0.0015553,0.0046870,0.0031480,0.0038792,0.0035949,0.0034828,0.0044684,0.0037816,0.0036060,0.0028280,0.0036918,0.0026638,0.0041233,0.0036740,0.0034507,0.0029230,0.0040424,0.0035169,0.0060691,0.0026978,0.0032067,0.0047125,0.0023476,0.0021541,0.0019890,0.0016501,0.0024061,0.0025343,0.0025314,0.0037918,0.0022221,0.0028168,0.0039150,0.0029244,0.0021346,0.0044347,0.0072208,0.0047359,0.0096189,0.0116590,0.0074671,0.0040951,0.0069129,0.0006980,0.0102321,0.0046426,0.0085425,0.0145294,0.0066097,0.0038935,0.0112177,0.0107608,0.0059065,0.0054780,0.0027044,0.0036212,0.0044107,0.0035603,0.0036927,1.0031600,0.0047391,0.0029518,0.0050415,0.0043208,0.0013064,0.0030472,0.0030265
722,Food services and drinking places,0.0050382,0.0031171,0.0046009,0.0038541,0.0041316,0.0134687,0.0047974,0.0062740,0.0058056,0.0074275,0.0066304,0.0060658,0.0060377,0.0052607,0.0060425,0.0048554,0.0060834,0.0054069,0.0063487,0.0056117,0.0087183,0.0062037,0.0096341,0.0051381,0.0057932,0.0073361,0.0062701,0.0087835,0.0072689,0.0044906,0.0087644,0.0646417,0.0043460,0.0080160,0.0103235,0.0038699,0.0078492,0.0101187,0.0030622,0.0063931,0.0088598,0.0063655,0.0115153,0.0152975,0.0099081,0.0109234,0.0103975,0.0010612,0.0202400,0.0071214,0.0157565,0.0177038,0.0170960,0.0160629,0.0246900,0.0115397,0.0106783,0.0133851,0.0092522,0.0198628,0.0119847,0.0076738,0.0089784,0.0788515,1.0071600,0.0055852,0.0044086,0.0036754,0.0064566,0.0077672,0.0060701
81,"Other services, except government",0.0144140,0.0263482,0.0129212,0.0099959,0.0080172,0.0104123,0.0221832,0.0225591,0.0227946,0.0288254,0.0211913,0.0181832,0.0203260,0.0182193,0.0176632,0.0152172,0.0171251,0.0148683,0.0187169,0.0187497,0.0183565,0.0240134,0.0200557,0.0114840,0.0204553,0.0218537,0.0163890,0.0185622,0.0195652,0.0127479,0.0166293,0.0102971,0.0130797,0.0183362,0.0147440,0.0244772,0.0152071,0.0229264,0.0106211,0.0129531,0.0118511,0.0324562,0.0404988,0.0235831,0.0208361,0.0113717,0.0226254,0.0031989,0.0305807,0.0276223,0.0140855,0.0211023,0.0166283,0.0399555,0.0240713,0.1095770,0.0208901,0.0170677,0.0223453,0.0151336,0.0135749,0.0193100,0.0239631,0.0172772,0.0176536,1.0368100,0.0271793,0.0082472,0.0314981,0.0262634,0.0165032
 GFGD,Federal general government (defense),0.0000000,0.0000000,0.0000000,0.0000000,0.0000000,0.0000000,0.0000000,0.0000000,0.0000000,0.0000000,0.0000000,0.0000000,0.0000000,0.0000000,0.0000000,0.0000000,0.0000000,0.0000000,0.0000000,0.0000000,0.0000000,0.0000000,0.0000000,0.0000000,0.0000000,0.0000000,0.0000000,0.0000000,0.0000000,0.0000000,0.0000000,0.0000000,0.0000000,0.0000000,0.0000000,0.0000000,0.0000000,0.0000000,0.0000000,0.0000000,0.0000000,0.0000000,0.0000000,0.0000000,0.0000000,0.0000000,0.0000000,0.0000000,0.0000000,0.0000000,0.0000000,0.0000000,0.0000000,0.0000000,0.0000000,0.0000000,0.0000000,0.0000000,0.0000000,0.0000000,0.0000000,0.0000000,0.0000000,0.0000000,0.0000000,0.0000000,1.0000000,0.0000000,0.0000000,0.0000000,0.0000000
 GFGN,Federal general government (nondefense),0.0070504,0.0036611,0.0107732,0.0048804,0.0088791,0.0057258,0.0053311,0.0055721,0.0056215,0.0083168,0.0066581,0.0077053,0.0074521,0.0072688,0.0081255,0.0074547,0.0057669,0.0072101,0.0078298,0.0056743,0.0050915,0.0065029,0.0067786,0.0149549,0.0091438,0.0074861,0.0052050,0.0028559,0.0044241,0.0044325,0.0043461,0.0787004,0.0083855,0.0833952,0.0070884,0.0031389,0.0065866,0.0063480,0.0027453,0.0066608,0.0061972,0.0249409,0.0189887,0.0089478,0.0412217,0.0065437,0.0241950,0.0012746,0.0079972,0.0042371,0.0048873,0.0064370,0.0053475,0.0118462,0.0062536,0.0055698,0.0064111,0.0031283,0.0034253,0.0036131,0.0032198,0.0052580,0.0040495,0.0075261,0.0063188,0.0032335,0.0300551,1.0213600,0.0096747,0.0028919,0.0040418
GFE,Federal government enterprises,0.0063356,0.0046149,0.0041644,0.0044233,0.0022048,0.0055558,0.0041728,0.0053289,0.0048665,0.0064736,0.0046400,0.0077910,0.0050862,0.0097423,0.0050147,0.0036232,0.0042785,0.0038178,0.0056798,0.0049362,0.0051761,0.0048037,0.0069645,0.0053879,0.0050102,0.0046864,0.0125720,0.0123039,0.0078784,0.0058919,0.0114761,0.0053091,0.0040082,0.0357021,0.0388829,0.0059591,0.0162571,0.0361566,0.0090131,0.0092643,0.0109412,0.0044003,0.0103265,0.0105557,0.0148769,0.0026572,0.0092166,0.0006782,0.0068087,0.0058667,0.0067023,0.0051795,0.0069614,0.0041284,0.0074482,0.0086955,0.0108738,0.0058229,0.0058578,0.0053541,0.0060605,0.0060496,0.0060401,0.0202332,0.0115755,0.0054163,0.0023741,0.0062346,1.0025900,0.0054783,0.0043757
GSLG,State and local general government,0.0032940,0.0078436,0.0033732,0.0016244,0.0057744,0.0018068,0.0032453,0.0069557,0.0031242,0.0344134,0.0076144,0.0047274,0.0025093,0.0060477,0.0050529,0.0031554,0.0036290,0.0027998,0.0029203,0.0023981,0.0019418,0.0107873,0.0034567,0.0027314,0.0018680,0.0026428,0.0011074,0.0025155,0.0031234,0.0008945,0.0031351,0.0013450,0.0016711,0.0056655,0.0020634,0.0024256,0.0118101,0.0056883,0.0010137,0.0014641,0.0013686,0.0016890,0.0019252,0.0008447,0.0015724,0.0009889,0.0012027,0.0001804,0.0038328,0.0008668,0.0011167,0.0012283,0.0012865,0.0011022,0.0018427,0.0218865,0.0044376,0.0019961,0.0045929,0.0019012,0.0016863,0.0040523,0.0022909,0.0025562,0.0019647,0.0017705,0.0012515,0.0009393,0.0006571,1.0042400,0.0028487
GSLE,State and local government enterprises,0.0100516,0.0041311,0.0086229,0.0102280,0.0022499,0.0060971,0.0047721,0.0078888,0.0105755,0.0141500,0.0086309,0.0066464,0.0066132,0.0072846,0.0070227,0.0053878,0.0069922,0.0055479,0.0087233,0.0089998,0.0080771,0.0105081,0.0080607,0.0080818,0.0094562,0.0099301,0.0049278,0.0073523,0.0099966,0.0073673,0.0075530,0.0066976,0.0055976,0.0177331,0.0089078,0.0034469,0.0073685,0.0115378,0.0070478,0.0045805,0.0056862,0.0051975,0.0061399,0.0042890,0.0077814,0.0026420,0.0061560,0.0008233,0.0216314,0.0066745,0.0069937,0.0049761,0.0057282,0.0044480,0.0067910,0.0098049,0.0161341,0.0058975,0.0085561,0.0091986,0.0158201,0.0105763,0.0090927,0.0113287,0.0087058,0.0052521,0.0046468,0.0041998,0.0062798,0.0076810,1.0163300
,Total Industry Output Requirement,2.3472055,2.0140171,1.9378109,1.9098072,1.5378261,1.7641133,1.9751281,2.5160614,2.0932899,2.4677963,2.1806438,2.3116239,2.3536725,2.3397485,2.7422367,2.3493223,2.2364567,1.9961163,2.5304270,2.4953874,2.5453438,2.2989167,2.2434495,2.3885983,2.1552193,2.2813387,1.5163580,1.6388542,1.5284657,1.4649135,1.6113520,1.9565692,1.8176239,2.4172950,1.9723253,1.6126396,2.1110772,1.8392305,1.3838793,1.7936167,1.7303641,1.9248230,1.9212863,1.7325600,2.0904834,1.7530132,2.4423492,1.1548613,2.1188547,1.5277755,1.6029318,1.6382333,1.6436308,1.6849560,1.7471693,1.9323386,1.8268544,1.6879992,1.8267241,1.6806805,1.7147916,1.7208557,1.6320046,1.7567215,1.9429951,1.5759651,1.6483737,1.4038257,1.4083864,1.6216712,1.9345827
Legend / Footnotes:,,,,,,,,,,,,,,,,,,,,,,,,,,,,,,,,,,,,,,,,,,,,,,,,,,,,,,,,,,,,,,,,,,,,,,,,
Note. Detail may not add to total due to rounding.,,,,,,,,,,,,,,,,,,,,,,,,,,,,,,,,,,,,,,,,,,,,,,,,,,,,,,,,,,,,,,,,,,,,,,,,